-- phpMyAdmin SQL Dump
-- version 2.10.1
-- http://www.phpmyadmin.net
-- 
-- Host: localhost
-- Generation Time: Jun 19, 2014 at 07:57 AM
-- Server version: 5.0.37
-- PHP Version: 5.2.2

SET SQL_MODE="NO_AUTO_VALUE_ON_ZERO";

-- 
-- Database: `siimshealthcenter`
-- 

-- --------------------------------------------------------

-- 
-- Table structure for table `data`
-- 

CREATE TABLE `data` (
  `id` int(20) NOT NULL auto_increment,
  `name` varchar(30) default NULL,
  `lab` int(20) default NULL,
  `doctor` int(20) default NULL,
  `medicine` int(100) default NULL,
  `dressing` int(20) default NULL,
  `dental` int(20) default NULL,
  `others` int(20) default NULL,
  `inpatient` int(20) default NULL,
  `date` date default NULL,
  `time` time default NULL,
  `bima` varchar(20) default NULL,
  `residence` varchar(20) default NULL,
  `age` varchar(39) default NULL,
  `sex` varchar(6) default NULL,
  `affected` varchar(1000) default NULL,
  PRIMARY KEY  (`id`)
) ENGINE=InnoDB DEFAULT CHARSET=latin1 AUTO_INCREMENT=20 ;

-- 
-- Dumping data for table `data`
-- 

INSERT INTO `data` (`id`, `name`, `lab`, `doctor`, `medicine`, `dressing`, `dental`, `others`, `inpatient`, `date`, `time`, `bima`, `residence`, `age`, `sex`, `affected`) VALUES 
(1, 'sanamba suka', NULL, NULL, 700000, NULL, NULL, 670000, NULL, '2014-01-16', NULL, 'cashier2', NULL, '', NULL, NULL),
(2, 'herena', NULL, NULL, 30000, NULL, NULL, 30000, NULL, '2014-01-16', NULL, 'cashier2', NULL, '', NULL, NULL),
(3, 'YUNES', NULL, NULL, 2935000, NULL, NULL, 2935000, NULL, '2014-01-16', NULL, 'cashier2', NULL, '', NULL, NULL),
(4, 'SAMWEL', NULL, NULL, 52500, NULL, NULL, 62500, NULL, '2014-01-16', NULL, 'cashier2', NULL, '', NULL, NULL),
(5, 'WEMA', NULL, NULL, 82000, NULL, NULL, 81000, NULL, '2014-01-16', NULL, 'cashier2', NULL, '', NULL, NULL),
(6, 'fodia ', NULL, NULL, 138750, NULL, NULL, 140000, NULL, '2014-01-16', NULL, 'cashier1', NULL, '07565', NULL, NULL),
(7, 'lameck laban ', NULL, NULL, 1185000, NULL, NULL, 1150000, NULL, '2014-01-16', NULL, 'cashier1', NULL, '07876', NULL, NULL),
(8, 'god pub', NULL, NULL, 25500, NULL, NULL, 27000, NULL, '2014-01-16', NULL, 'cashier1', NULL, '', NULL, NULL),
(11, 'raima g', NULL, NULL, 20600, NULL, NULL, 25000, NULL, '2014-01-17', NULL, 'cashier2', NULL, '', NULL, NULL),
(12, 'enock', NULL, NULL, 70000, NULL, NULL, 50000, NULL, '2014-01-17', NULL, 'cashier2', NULL, '', NULL, NULL),
(13, 'juma', NULL, NULL, 276000, NULL, NULL, 276000, NULL, '2014-01-17', NULL, 'cashier2', NULL, '', NULL, NULL),
(14, 'gab', NULL, NULL, 184500, NULL, NULL, 185000, NULL, '2014-01-17', NULL, 'cashier2', NULL, '08765', NULL, NULL),
(15, 'adda', NULL, NULL, 431900, NULL, NULL, 431900, NULL, '2014-05-23', NULL, 'cashier2', '2014/05/23-87E8B2', '', NULL, NULL),
(16, 'daudi bring', NULL, NULL, 287000, NULL, NULL, 287000, NULL, '2014-06-18', NULL, 'cashier1', '2014/06/18-0035B4', '0656423578', NULL, NULL),
(17, 'banoon', NULL, NULL, 216180, NULL, NULL, 224180, NULL, '2014-06-18', NULL, 'cashier1', '2014/06/18-3B0DB6', '0654646778', NULL, NULL),
(18, 'banoon2', NULL, NULL, 90180, NULL, NULL, 24180, NULL, '2014-06-18', NULL, 'cashier1', '2014/06/18-62BE1D', '0654646778', NULL, NULL),
(19, 'petro bilingi', NULL, NULL, 391000, NULL, NULL, 391000, NULL, '2014-06-19', NULL, 'cashier1', '2014/06/19-E9A7F6', '', NULL, NULL);

-- --------------------------------------------------------

-- 
-- Table structure for table `diagnoses`
-- 

CREATE TABLE `diagnoses` (
  `id` int(100) NOT NULL auto_increment,
  `name` varchar(200) NOT NULL,
  `unity` varchar(1000) NOT NULL,
  `cost` int(11) default NULL,
  `ct` varchar(100) default NULL,
  PRIMARY KEY  (`id`)
) ENGINE=InnoDB DEFAULT CHARSET=latin1 AUTO_INCREMENT=24 ;

-- 
-- Dumping data for table `diagnoses`
-- 

INSERT INTO `diagnoses` (`id`, `name`, `unity`, `cost`, `ct`) VALUES 
(1, 'Malaria,Blood Slide positiive', '', NULL, 'blood'),
(2, 'Malaria,mRDT,Clinical(No Test)', '', NULL, 'blood'),
(3, 'Malaria in pregnant', '', NULL, 'blood'),
(4, 'Acute Flacid Paralysis', '', NULL, NULL),
(5, 'cholera', '', NULL, NULL),
(6, 'Dysentery', '', NULL, NULL),
(7, 'Measles', '', NULL, NULL),
(8, 'Meningitis', '', NULL, NULL),
(9, 'Neonatal Tetanus', '', NULL, NULL),
(10, 'Plague', '', NULL, NULL),
(11, 'Relapsing Fever', '', NULL, NULL),
(12, 'Yellow Fever', '', NULL, NULL),
(13, 'infuenza', '', NULL, NULL),
(14, 'Typhoid', '', NULL, NULL),
(15, 'Rabies/ Suspected rabies bites', '', NULL, NULL),
(16, 'Trachoma', '', NULL, NULL),
(17, 'Onchoceciasis', '', NULL, NULL),
(18, 'Trypanasomisis', '', NULL, NULL),
(19, 'viral haemonhagic fevers', '', NULL, NULL),
(20, 'Keratoconjuctivitis', '', NULL, NULL),
(21, 'Diarrhea. Acute (<14 days)', '', NULL, NULL),
(22, 'Diarhea , chronic (>14 days)', '', NULL, NULL),
(23, 'UTI', 'NULL', NULL, NULL);

-- --------------------------------------------------------

-- 
-- Table structure for table `employee`
-- 

CREATE TABLE `employee` (
  `id` int(10) NOT NULL auto_increment,
  `name` varchar(30) default NULL,
  `signin` time default NULL,
  `signout` time default NULL,
  `date` date default NULL,
  `comment` varchar(100) default NULL,
  PRIMARY KEY  (`id`)
) ENGINE=InnoDB DEFAULT CHARSET=latin1 AUTO_INCREMENT=249 ;

-- 
-- Dumping data for table `employee`
-- 

INSERT INTO `employee` (`id`, `name`, `signin`, `signout`, `date`, `comment`) VALUES 
(9, 'wilfred cleophace', '11:23:38', '11:24:25', '2013-03-18', 'r'),
(10, 'wilfred', '20:53:56', NULL, '2013-03-19', 'r'),
(11, 'wilfred', '21:37:25', '06:13:51', '2013-03-19', 'r'),
(12, 'josephina mrosso', '21:39:15', NULL, '2013-03-19', 'r'),
(13, 'josephina mrosso', '21:40:45', NULL, '2013-03-19', 'r'),
(14, 'mary fanuel', '21:49:21', '21:55:42', '2013-03-19', 'r'),
(15, 'minael mahimbo', '22:08:52', NULL, '2013-03-19', 'r'),
(16, 'josephina mrosso', '20:32:09', NULL, '2013-03-19', 'r'),
(17, 'm mahimbo', '20:40:44', NULL, '2013-03-19', 'r'),
(18, 'i kombe', '20:41:29', NULL, '2013-03-19', 'r'),
(19, 'teddy haule', '20:42:38', NULL, '2013-03-19', 'r'),
(20, 'josephina mrosso', '15:43:36', NULL, '2013-03-21', 'r'),
(21, 'airine kombe', '05:50:31', '19:28:27', '2013-03-22', 'r'),
(22, 'minaeli  mahimbo', '05:51:13', NULL, '2013-03-22', 'r'),
(23, 'arapha uledi', '05:57:03', NULL, '2013-03-22', 'r'),
(24, 'eliza stiven', '06:00:37', NULL, '2013-03-22', 'r'),
(25, 'rozi bayona', '06:01:11', NULL, '2013-03-22', 'r'),
(26, 'josephina mrosso', '15:34:29', NULL, '2013-03-22', 'r'),
(27, 'ROSE MUSHI', '15:34:53', NULL, '2013-03-22', 'r'),
(28, 'minaeli mahimbo', '05:54:26', NULL, '2013-03-23', 'r'),
(29, 'josephina mrosso', '14:29:10', NULL, '2013-03-23', 'r'),
(30, 'maurine meagie', '05:25:50', NULL, '2013-03-24', 'r'),
(31, 'ailine kombe', '05:59:52', NULL, '2013-03-24', 'r'),
(32, 'minaeli mahimbo', '05:47:03', NULL, '2013-03-25', 'r'),
(33, 'airine kombe', '05:49:01', NULL, '2013-03-25', 'r'),
(34, 'josephina mrosso', '07:15:41', NULL, '2013-03-26', 'r'),
(35, 'rozi mushi', '07:39:39', NULL, '2013-03-26', 'r'),
(36, 'ailine kombe', '07:40:59', NULL, '2013-03-26', 'r'),
(37, 'minael mahimbo', '07:41:34', '17:35:18', '2013-03-26', 'r'),
(38, 'perfect temba', '07:43:27', NULL, '2013-03-26', 'r'),
(39, 'PENDO MTUI', '17:38:12', NULL, '2013-03-26', 'r'),
(40, 'josephina mrosso', '07:18:50', NULL, '2013-03-27', 'r'),
(41, 'minael mahimbo', '07:28:12', NULL, '2013-03-27', 'r'),
(42, 'ailine kombe', '07:40:36', '17:01:29', '2013-03-27', 'r'),
(43, 'josina joseph', '07:43:02', '17:02:42', '2013-03-27', 'r'),
(44, 'teddy haule', '07:43:32', NULL, '2013-03-27', 'r'),
(45, 'josephina mrosso', '10:16:45', NULL, '2013-03-28', 'r'),
(46, 'teddy john', '10:54:26', NULL, '2013-03-28', 'r'),
(47, 'sharifa ally', '10:55:25', NULL, '2013-03-28', 'r'),
(48, 'josephina mrosso', '07:39:18', NULL, '2013-03-29', 'r'),
(49, 'ailine kombo', '07:40:54', NULL, '2013-03-29', 'r'),
(50, 'josina joseph', '07:41:38', NULL, '2013-03-29', 'r'),
(51, 'minael mahimbo', '07:42:36', NULL, '2013-03-29', 'r'),
(52, 'tedy john', '07:43:13', NULL, '2013-03-29', 'r'),
(53, 'rozi mushi', '07:44:13', NULL, '2013-03-29', 'r'),
(54, 'rozi bayona', '08:19:44', NULL, '2013-03-29', 'r'),
(55, 'sharifa ally', '08:20:16', NULL, '2013-03-29', 'r'),
(56, 'josephina mrosso', '07:30:35', NULL, '2013-03-30', 'r'),
(57, 'minael mahimbo', '07:32:58', NULL, '2013-03-30', 'r'),
(58, 'teddy john', '08:56:04', NULL, '2013-03-30', 'r'),
(59, 'sharifa ally', '08:56:44', NULL, '2013-03-30', 'r'),
(60, 'arapha uledi', '08:57:23', NULL, '2013-03-30', 'r'),
(61, 'rozi mushi', '08:58:02', NULL, '2013-03-30', 'r'),
(62, 'rozi bayona', '08:59:08', NULL, '2013-03-30', 'r'),
(63, 'minael mahimbo', '08:10:01', NULL, '2013-03-31', 'r'),
(64, 'josephina mrosso', '17:43:47', NULL, '2013-04-02', 'r'),
(65, 'minael mahimbo', '07:40:46', NULL, '2013-04-03', 'r'),
(66, 'josephina mrosso', '17:10:41', NULL, '2013-04-03', 'r'),
(67, 'teddy john', '17:11:19', NULL, '2013-04-03', 'r'),
(68, 'ailine kombe', '07:46:54', NULL, '2013-04-04', 'r'),
(69, 'minael mahimbo', '07:48:11', NULL, '2013-04-04', 'r'),
(70, 'jonsina joseph', '07:48:58', NULL, '2013-04-04', 'r'),
(71, 'minael mahimbo', '07:48:50', NULL, '2013-04-05', 'r'),
(72, 'airine kombe', '07:49:02', NULL, '2013-04-05', 'r'),
(73, 'eliza stiven', '07:49:19', NULL, '2013-04-05', 'r'),
(74, 'ROSEM MUSHI', '17:07:16', NULL, '2013-04-06', 'r'),
(75, 'ailine kombe', '08:41:04', NULL, '2013-04-07', 'r'),
(76, 'teddy john', '08:41:26', NULL, '2013-04-07', 'r'),
(77, 'josephina mrosso', '08:15:43', NULL, '2013-04-08', 'r'),
(78, 'ailine kombo', '08:16:19', NULL, '2013-04-08', 'r'),
(79, 'teddy john', '08:16:40', '16:52:41', '2013-04-08', 'r'),
(80, 'eliza steven', '08:17:17', NULL, '2013-04-08', 'r'),
(81, 'minael mahimbo', '08:17:46', NULL, '2013-04-08', 'r'),
(82, 'rozi bayona', '08:18:15', NULL, '2013-04-08', 'r'),
(83, 'bernadetha a tety', '08:56:39', '17:41:51', '2013-04-08', 'r'),
(84, 'arapha uledi', '17:36:59', NULL, '2013-04-08', 'r'),
(85, 'airine kombe', '09:38:57', NULL, '2013-04-09', 'r'),
(86, 'sharifa ally', '17:49:22', NULL, '2013-04-10', 'r'),
(87, 'minael mahimbo', '08:08:56', NULL, '2013-04-11', 'r'),
(88, 'bernadetha a tety', '08:15:13', NULL, '2013-04-11', 'r'),
(89, 'eliza steven', '08:15:30', NULL, '2013-04-11', 'r'),
(90, 'sharifa ally', '08:18:22', NULL, '2013-04-11', 'r'),
(91, 'maurine meagie', '08:24:20', NULL, '2013-04-11', 'r'),
(92, 'JOSEPHINA MROSSO', '18:20:52', NULL, '2013-04-11', 'r'),
(93, '------------------------------', '14:24:23', NULL, '2013-04-13', 'r'),
(94, 'R  MUSHI', '07:58:15', NULL, '2013-04-17', 'r'),
(95, 'R  MUSHI', '07:58:15', NULL, '2013-04-17', 'r'),
(96, 'R  BAYONA', '07:58:33', NULL, '2013-04-17', 'r'),
(97, 'R  BAYONA', '07:58:33', NULL, '2013-04-17', 'r'),
(98, 'A KOMBE', '07:59:01', NULL, '2013-04-17', 'r'),
(99, 'A KOMBE', '07:59:02', NULL, '2013-04-17', 'r'),
(100, 'B    TETY', '07:59:39', NULL, '2013-04-17', 'r'),
(102, 'L   STIDE', '08:01:02', NULL, '2013-04-17', 'r'),
(104, 'A MUNISS', '08:01:35', NULL, '2013-04-17', 'r'),
(106, 'ngarami kimaro', '17:40:16', NULL, '2013-04-17', 'r'),
(108, 'rozi mushi', '07:49:18', NULL, '2013-04-18', 'r'),
(110, 'B    TETY', '07:49:31', NULL, '2013-04-18', 'r'),
(112, 'L   STIDE', '07:49:53', NULL, '2013-04-18', 'r'),
(114, 'i kombe', '07:50:07', NULL, '2013-04-18', 'r'),
(116, 'mary fanuel', '07:50:47', NULL, '2013-04-18', 'r'),
(119, 'R  BAYONA', '07:57:41', NULL, '2013-04-18', 'r'),
(121, 'sharifa ally', '08:02:02', NULL, '2013-04-18', 'r'),
(122, 'minaeli mahimbo', '08:06:40', NULL, '2013-04-18', 'r'),
(124, 'eliza stiven', '08:09:39', NULL, '2013-04-18', 'r'),
(126, 'arapha uledi', '08:54:59', NULL, '2013-04-18', 'r'),
(132, 'JOSEPHINA MROSSO', '17:19:22', NULL, '2013-04-18', 'r'),
(133, 'i kombe', '08:09:41', NULL, '2013-04-19', 'r'),
(134, 'B    TETY', '08:10:44', NULL, '2013-04-19', 'r'),
(135, 'minael mahimbo', '08:10:58', NULL, '2013-04-19', 'r'),
(136, 'eliza steven', '08:18:04', NULL, '2013-04-19', 'r'),
(137, 'b  shayo', '08:19:45', NULL, '2013-04-19', 'r'),
(138, 'sharifa ally', '08:20:03', NULL, '2013-04-19', 'r'),
(139, 'maurine meagie', '08:20:15', NULL, '2013-04-19', 'r'),
(140, '------------------------------', '08:23:36', NULL, '2013-04-19', 'r'),
(141, 'arapha uledi', '08:26:27', NULL, '2013-04-19', 'r'),
(142, 'dr  mushi', '09:40:26', NULL, '2013-04-19', 'r'),
(143, 'rozi mushi', '17:22:08', NULL, '2013-04-19', 'r'),
(144, 'PENDO MTUI', '07:54:00', NULL, '2013-04-20', 'r'),
(145, 'josina joseph', '07:54:11', NULL, '2013-04-20', 'r'),
(146, 'B    TETY', '07:54:19', NULL, '2013-04-20', 'r'),
(147, 'arapha uledi', '07:54:31', NULL, '2013-04-20', 'r'),
(148, 'mary fanuel', '08:03:34', NULL, '2013-04-20', 'r'),
(149, 'teddy haule', '08:03:42', NULL, '2013-04-20', 'r'),
(150, 'minael mahimbo', '08:05:47', NULL, '2013-04-20', 'r'),
(151, 'sharifa ally', '08:09:39', NULL, '2013-04-20', 'r'),
(152, 'R  MUSHI', '08:20:21', NULL, '2013-04-20', 'r'),
(153, 'b  shayo', '08:22:08', NULL, '2013-04-20', 'r'),
(154, 'R  BAYONA', '08:26:55', NULL, '2013-04-20', 'r'),
(155, 'a  ulomi', '08:47:37', NULL, '2013-04-20', 'r'),
(156, 'maurine meagie', '08:47:48', NULL, '2013-04-20', 'r'),
(157, 'eliza steven', '09:02:07', NULL, '2013-04-21', 'r'),
(158, 'maurine meagie', '09:02:16', NULL, '2013-04-21', 'r'),
(159, 'b  shayo', '09:07:57', NULL, '2013-04-21', 'r'),
(160, 'B    TETY', '08:01:40', NULL, '2013-04-22', 'r'),
(161, 'b  shayo', '08:01:47', NULL, '2013-04-22', 'r'),
(162, 'maurine meagie', '09:33:06', NULL, '2013-04-22', 'r'),
(163, 'arapha uledi', '17:23:08', NULL, '2013-04-22', 'r'),
(164, 'B    TETY', '07:52:01', NULL, '2013-04-23', 'r'),
(165, 'b  shayo', '07:52:12', NULL, '2013-04-23', 'r'),
(166, 'tedy john', '07:52:19', NULL, '2013-04-23', 'r'),
(167, 'R  BAYONA', '19:09:53', NULL, '2013-04-23', 'r'),
(168, 'sharifa ally', '19:10:12', NULL, '2013-04-23', 'r'),
(169, 'JOSEPHINA MROSSO', '07:31:48', NULL, '2013-04-24', 'r'),
(170, 'mary fanuel', '07:31:58', NULL, '2013-04-24', 'r'),
(171, 'teddy haule', '07:32:06', NULL, '2013-04-24', 'r'),
(172, 'i kombe', '07:32:14', NULL, '2013-04-24', 'r'),
(173, 'bernadetha a tety', '07:32:24', NULL, '2013-04-24', 'r'),
(174, '-', '07:34:34', NULL, '2013-04-24', 'r'),
(175, 'eliza steven', '07:50:30', NULL, '2013-04-24', 'r'),
(176, 'bernadetha a tety', '17:40:34', NULL, '2013-04-24', 'r'),
(177, 'L   STIDE', '07:47:42', NULL, '2013-04-25', 'r'),
(178, 'i kombe', '07:47:54', NULL, '2013-04-25', 'r'),
(179, 'minael mahimbo', '07:48:01', NULL, '2013-04-25', 'r'),
(180, 'rozi mushi', '07:48:10', NULL, '2013-04-25', 'r'),
(181, 'bernadetha a tety', '07:48:19', NULL, '2013-04-25', 'r'),
(182, 'josephina mrosso', '08:16:40', NULL, '2013-04-25', 'r'),
(183, 'maurine meagie', '08:23:44', NULL, '2013-04-25', 'r'),
(184, 'wilfred', '08:39:06', NULL, '2013-04-25', 'r'),
(185, 'bernadetha a tety', '07:32:17', NULL, '2013-04-26', 'r'),
(186, 'R  MUSHI', '07:32:25', NULL, '2013-04-26', 'r'),
(187, 'minael mahimbo', '07:32:32', NULL, '2013-04-26', 'r'),
(188, 'i kombe', '07:32:38', NULL, '2013-04-26', 'r'),
(189, 'sharifa ally', '07:38:58', NULL, '2013-04-26', 'r'),
(190, 'eliza steven', '07:43:06', NULL, '2013-04-26', 'r'),
(191, 'L   STIDE', '07:43:22', NULL, '2013-04-26', 'r'),
(192, 'rozi bayona', '08:01:59', NULL, '2013-04-26', 'r'),
(193, 'b  shayo', '08:10:31', NULL, '2013-04-26', 'r'),
(194, 'josephina mrosso', '17:14:30', NULL, '2013-04-26', 'r'),
(195, 'bernadetha a tety', '17:33:47', NULL, '2013-04-26', 'r'),
(196, 'L   STIDE', '17:33:56', NULL, '2013-04-26', 'r'),
(197, 'i kombe', '17:34:05', NULL, '2013-04-26', 'r'),
(198, 'ailine kombe', '07:34:08', NULL, '2013-04-27', 'r'),
(199, 'R  MUSHI', '07:36:08', NULL, '2013-04-27', 'r'),
(200, 'sharifa ally', '07:36:31', NULL, '2013-04-27', 'r'),
(201, 'bernadetha a tety', '07:40:30', NULL, '2013-04-27', 'r'),
(202, 'maurine meagie', '08:00:21', NULL, '2013-04-27', 'r'),
(203, 'teddy haule', '08:45:44', NULL, '2013-04-27', 'r'),
(204, 'rozi bayona', '08:57:45', NULL, '2013-04-27', 'r'),
(205, 'josephina mrosso', '17:09:32', NULL, '2013-04-27', 'r'),
(206, 'teddy john', '17:31:50', NULL, '2013-04-27', 'r'),
(207, 'juma', '07:49:56', '07:50:11', '2013-09-02', 'r'),
(208, 'adam', '08:02:21', '08:11:23', '2013-09-02', 'r'),
(209, 'luka', '09:40:59', '09:41:05', '2013-09-02', 'r'),
(210, 'petro bring', '12:37:32', '12:37:46', '2013-09-21', 'r'),
(211, 'petro bring', '09:18:54', '09:19:09', '2013-10-16', 'r'),
(212, 'petro bring', '10:08:07', '10:08:14', '2013-11-01', 'r'),
(213, 'cashier1', '09:17:27', NULL, '2013-11-30', NULL),
(214, 'cashier1', '22:43:50', '22:53:53', '2013-12-02', NULL),
(215, 'cashier1', '03:50:26', NULL, '2013-12-04', NULL),
(216, 'cashier2', '16:28:35', NULL, '2014-01-03', NULL),
(217, 'cashier2', '15:03:35', NULL, '2014-01-05', NULL),
(218, 'cashier2', '15:08:59', NULL, '2014-01-05', NULL),
(219, 'cashier2', '15:22:17', NULL, '2014-01-09', NULL),
(220, 'cashier1', '16:36:36', '17:17:57', '2014-01-09', NULL),
(221, 'cashier1', '20:03:44', '09:22:43', '2014-01-09', NULL),
(222, 'cashier1', '09:39:58', NULL, '2014-01-10', NULL),
(223, 'cashier2', '09:53:49', '14:20:12', '2014-01-10', NULL),
(224, 'cashier1', '14:27:05', NULL, '2014-01-10', NULL),
(225, 'bahath', '16:09:00', '16:14:56', '2014-01-10', 'r'),
(226, 'cashier2', '17:43:10', NULL, '2014-01-13', NULL),
(227, 'cashier2', '17:52:10', NULL, '2014-01-13', NULL),
(228, 'cashier2', '18:04:08', NULL, '2014-01-15', NULL),
(229, 'cashier1', '21:41:35', '08:07:39', '2014-01-15', NULL),
(230, 'cashier1', '08:07:49', '08:08:37', '2014-01-16', NULL),
(231, 'cashier2', '08:48:21', '08:49:14', '2014-01-16', NULL),
(232, 'cashier2', '08:58:10', '08:58:56', '2014-01-16', NULL),
(233, 'cashier2', '09:00:50', '09:02:53', '2014-01-16', NULL),
(234, 'cashier2', '09:06:45', '09:24:48', '2014-01-16', NULL),
(235, 'cashier2', '09:25:00', '09:25:43', '2014-01-16', NULL),
(236, 'cashier2', '16:35:07', '16:38:46', '2014-01-16', NULL),
(237, 'cashier2', '20:08:46', '20:12:05', '2014-01-16', NULL),
(238, 'cashier1', '22:57:09', '23:57:42', '2014-01-16', NULL),
(239, 'cashier2', '10:31:43', NULL, '2014-01-17', NULL),
(240, 'cashier2', '10:44:44', NULL, '2014-01-17', NULL),
(241, 'cashier2', '10:45:04', NULL, '2014-01-17', NULL),
(242, 'cashier2', '16:20:10', NULL, '2014-05-22', NULL),
(243, 'cashier2', '23:59:53', NULL, '2014-05-22', NULL),
(244, 'cashier2', '02:38:44', NULL, '2014-05-23', NULL),
(245, 'cashier1', '15:03:08', NULL, '2014-06-16', NULL),
(246, 'cashier1', '05:40:47', NULL, '2014-06-18', NULL),
(247, 'cashier1', '05:41:15', NULL, '2014-06-19', NULL),
(248, 'cashier1', '06:41:21', '06:43:54', '2014-06-19', NULL);

-- --------------------------------------------------------

-- 
-- Table structure for table `matumizi`
-- 

CREATE TABLE `matumizi` (
  `id` int(100) NOT NULL auto_increment,
  `name` varchar(100) default NULL,
  `description` varchar(2000) default NULL,
  `cost` int(100) default NULL,
  `date` date default NULL,
  `time` time default NULL,
  PRIMARY KEY  (`id`)
) ENGINE=InnoDB DEFAULT CHARSET=latin1 AUTO_INCREMENT=5 ;

-- 
-- Dumping data for table `matumizi`
-- 

INSERT INTO `matumizi` (`id`, `name`, `description`, `cost`, `date`, `time`) VALUES 
(1, 'wilfoc', 'funga mehb j', 3750000, '2014-01-16', '20:11:04'),
(2, 'wilfred', 'NMB Back', 1000000, '2014-01-16', '23:53:31'),
(3, 'joery', 'nauli y mzg', 15000, '2014-01-17', '13:36:31'),
(4, 'bathili', 'posho ', 800000, '2014-01-17', '17:19:34');

-- --------------------------------------------------------

-- 
-- Table structure for table `record`
-- 

CREATE TABLE `record` (
  `id` int(100) NOT NULL auto_increment,
  `name` varchar(100) default NULL,
  `date` date default NULL,
  `time` time default NULL,
  `quantity` int(100) default NULL,
  `per` varchar(10) default NULL,
  `buy` int(100) default NULL,
  `sell` int(100) default NULL,
  `qr` int(100) default NULL,
  `profit` int(100) default NULL,
  PRIMARY KEY  (`id`)
) ENGINE=InnoDB DEFAULT CHARSET=latin1 AUTO_INCREMENT=131 ;

-- 
-- Dumping data for table `record`
-- 

INSERT INTO `record` (`id`, `name`, `date`, `time`, `quantity`, `per`, `buy`, `sell`, `qr`, `profit`) VALUES 
(1, 'caps ampiclox', '2013-04-16', '14:22:04', 100, 'caps', 70, 300, 80, NULL),
(2, 'syr ampiclox', NULL, '14:31:39', 2000, 'syr', NULL, 2000, 0, NULL),
(3, 'caps amoxiline', '2013-04-16', '14:40:47', 100, 'caps', NULL, 2000, NULL, NULL),
(4, 'syr amoxiline', '2013-04-16', '14:40:47', 100, 'syr', NULL, 2000, NULL, NULL),
(5, 'tab azithromycin', '2013-04-16', '14:46:31', 100, 'tab', NULL, 800, NULL, NULL),
(6, 'syr azithromycin', '2013-04-16', NULL, 100, 'syr', NULL, 3500, NULL, NULL),
(7, 'tab ascorlin', '2013-04-16', '14:54:10', 100, 'tab', NULL, 3500, NULL, NULL),
(8, 'tab atenol ', '2013-04-16', '14:54:10', 280, 'tab', 0, 300, 0, NULL),
(9, 'tab amilodipine', '2013-04-16', '15:09:45', 100, 'tab', NULL, 1000, NULL, NULL),
(10, 'tab (aprinox)', '2013-04-16', '15:09:45', 100, 'tab', NULL, 50, NULL, NULL),
(11, 'tab aldoment', '2013-04-16', '15:13:22', 100, 'tab', NULL, 100, NULL, NULL),
(12, 'tab artequick', '2013-04-16', '15:13:22', 100, 'tab', NULL, 2500, NULL, NULL),
(13, 'tab aspirin', '2013-04-16', '15:20:48', 100, 'tab', NULL, 20, NULL, NULL),
(14, 'tab albi', '2013-04-16', '15:20:48', 1, 'tab', NULL, 3000, NULL, NULL),
(15, 'tab aloprinal', '2013-04-16', '15:24:59', 100, 'tab', NULL, 300, NULL, NULL),
(16, 'tab aminophiline', '2013-04-16', '15:24:59', 100, 'tab', NULL, 100, NULL, NULL),
(17, 'inj aminophiline', '2013-04-16', '15:27:56', 100, 'inj', NULL, 1500, NULL, NULL),
(18, 'inj artermenter', '2013-04-16', '15:27:56', 100, 'inj', NULL, 4000, NULL, NULL),
(19, 'acrason cream', '2013-04-16', '15:54:56', 100, 'cream', NULL, 3000, NULL, NULL),
(20, 'acyclovir cream', '2013-04-16', '15:54:56', 100, 'cream', NULL, 4000, NULL, NULL),
(21, 'anusol cream', '2013-04-16', '16:03:04', 100, 'cream', NULL, 9500, NULL, NULL),
(22, 'tab buscopan', '2013-04-16', '16:03:04', 100, 'tab', NULL, 100, NULL, NULL),
(23, 'caps chloromphenical', '2013-04-16', '16:10:00', 100, 'caps', NULL, 2000, NULL, NULL),
(24, 'syr chloromphenical', '2013-04-16', '16:10:00', 100, 'syr', NULL, 2000, NULL, NULL),
(25, 'caps cloxaciline', '2013-04-16', '16:16:07', 100, 'caps', NULL, 2000, NULL, NULL),
(26, 'syr cloxacline', '2013-04-16', '16:16:07', 100, 'syr', NULL, 2000, NULL, NULL),
(27, 'tab ciprofloxacin', '2013-04-16', '16:20:21', 100, 'tab', NULL, 300, NULL, NULL),
(28, 'caps cephalexin', '2013-04-16', '16:20:21', 200, 'caps', 120, 300, 200, NULL),
(29, 'syr cephelexin', '2013-04-16', '16:38:13', 100, 'syr', NULL, 4000, NULL, NULL),
(30, 'syr cital', '2013-04-16', '16:38:13', 100, 'syr', NULL, 5000, NULL, NULL),
(31, 'inj diclofenac', '2013-04-16', '19:59:16', 100, 'inj', NULL, 2000, NULL, NULL),
(32, 'tab diclopar', '2013-04-16', '16:45:19', 200, 'tab', 45, 200, 200, NULL),
(33, 'syr allugel', '2013-04-16', '16:54:45', 100, 'syr', NULL, 2000, NULL, NULL),
(34, 'syr cadiphen', '2013-04-16', '16:54:45', 100, 'syr', NULL, 5000, NULL, NULL),
(35, 'tab captopril', '2013-04-16', '17:03:02', 100, 'tab', NULL, 400, NULL, NULL),
(36, 'candistat pessaries', '2013-04-16', '17:03:02', 100, NULL, NULL, 3000, NULL, NULL),
(37, 'calamin lotion', '2013-04-16', '17:06:02', 100, NULL, NULL, 2000, NULL, NULL),
(38, 'tab cetrizin', '2013-04-16', '17:06:02', 100, 'tab', NULL, 200, NULL, NULL),
(39, 'syr cetrizin', '2013-04-16', '17:11:03', 100, 'syr', NULL, 3000, NULL, NULL),
(40, 'chlorumphenial eye drop', '2013-04-16', '17:11:03', 100, 'drop', NULL, 2000, NULL, NULL),
(41, 'tab calcium', '2013-04-16', '17:14:03', 100, 'tab', NULL, 300, NULL, NULL),
(42, 'caps doxcycline', '2013-04-16', '17:14:03', 100, 'caps', NULL, 100, NULL, NULL),
(43, 'tab daonil', '2013-04-16', '19:46:23', 100, 'tab', NULL, 200, NULL, NULL),
(44, 'tab diabenese', '2013-04-16', '19:46:23', 100, 'tab', NULL, 250, NULL, NULL),
(45, 'tab digoxin', '2013-04-16', '19:53:02', 100, 'tab', NULL, 100, NULL, NULL),
(46, 'tab diclofenac', '2013-04-16', '19:53:02', 100, 'tab', NULL, 50, NULL, NULL),
(47, 'tab ducolax', '2013-04-16', '20:06:21', 100, 'tab', NULL, 100, NULL, NULL),
(48, 'inj diazepam', '2013-04-16', '20:06:21', 100, 'inj', NULL, 2000, NULL, NULL),
(49, 'dawa mmba', '2013-04-16', '20:09:27', 100, NULL, NULL, 2000, NULL, NULL),
(50, 'dxamthason eye drop', '2013-04-16', '20:09:27', 100, 'drop', NULL, 2000, NULL, NULL),
(51, 'tab dexamethasone', '2013-04-16', '20:11:52', 100, 'tab', NULL, 300, NULL, NULL),
(52, 'inj dexamethasone', '2013-04-16', '20:11:52', 100, 'inj', NULL, 2000, NULL, NULL),
(53, 'tab erythromycin', '2013-04-16', '20:14:08', 100, 'tab', NULL, 2000, NULL, NULL),
(54, 'syr emdelyn', '2013-04-16', '20:14:08', 16, 'syr', 1500, 3000, 16, NULL),
(55, 'tab furusomide', '2013-04-16', '20:18:30', 100, 'tab', NULL, 20, NULL, NULL),
(56, 'inj furusomide', '2013-04-16', '20:18:30', 100, 'inj', NULL, 2000, NULL, NULL),
(57, 'caps flucamox', '2013-04-16', '20:21:54', 100, 'caps', NULL, 800, NULL, NULL),
(58, 'syr flucamox', '2013-04-16', '20:21:54', 100, 'syr', NULL, 8000, NULL, NULL),
(59, 'tab metronidizole', '2013-04-16', '20:25:29', 100, 'tab', NULL, 1000, NULL, NULL),
(60, 'syr metronidizole', '2013-04-16', '20:25:29', 100, 'syr', NULL, 2000, NULL, NULL),
(61, 'syr muco-asthaline', '2013-04-16', '20:29:11', 6, 'syr', 1300, 3500, 6, NULL),
(62, 'tab meltiformine', '2013-04-16', '20:29:11', 100, 'tab', NULL, 200, NULL, NULL),
(63, 'tab metakelfin', '2013-04-16', '20:31:19', 100, 'tab', NULL, 1500, NULL, NULL),
(64, 'tab magnessium', '2013-04-16', '20:31:19', 100, 'tab', NULL, 20, NULL, NULL),
(65, 'tab mebendazole', '2013-04-16', '20:35:37', 100, 'tab', NULL, 1500, NULL, NULL),
(66, 'tab metoclopramide', '2013-04-16', '20:35:37', 100, 'tap', NULL, 300, NULL, NULL),
(67, 'inj metoclopramide', '2013-04-16', '20:38:52', 100, 'inj', NULL, 2000, NULL, NULL),
(68, 'hydrocortison cream', '2013-04-16', '20:38:52', 100, 'cream', NULL, 2500, NULL, NULL),
(69, 'inj hydrocortison', '2013-04-16', '20:41:24', 100, 'inj', NULL, 2000, NULL, NULL),
(70, 'tab ketoconazole', '2013-04-16', '20:41:24', 100, 'tab', NULL, 500, NULL, NULL),
(71, 'ketoconazole cream', '2013-04-16', '21:11:19', 100, 'cream', NULL, 3500, NULL, NULL),
(72, 'caps levofloxacin', '2013-04-16', '21:11:19', 100, 'caps', NULL, 1500, NULL, NULL),
(73, 'tab lisinopril', '2013-04-16', '21:15:32', 100, 'tab', NULL, 400, NULL, NULL),
(74, 'tab losatan', '2013-04-16', '21:15:32', 100, 'tab', NULL, 1000, NULL, NULL),
(75, 'caps loperamide', '2013-04-16', '21:19:05', 100, 'caps', NULL, 300, NULL, NULL),
(76, 'tab nilol', '2013-04-16', '21:19:05', 30, 'tap', 200, 400, 30, NULL),
(77, 'tab norfloxacin', '2013-04-16', '21:21:45', 400, 'tab', 60, 300, 400, NULL),
(78, 'tab nifedipine', '2013-04-16', '21:21:45', 100, 'tab', NULL, 400, NULL, NULL),
(79, 'tab septrine', '2013-04-16', '21:25:09', 100, 'tab', NULL, 2000, NULL, NULL),
(80, 'tab pen v', '2013-04-16', '21:25:09', 100, 'tab', NULL, 2000, NULL, NULL),
(81, 'tab tinidazole', '2013-04-16', '21:28:03', 10, 'tab', NULL, 250, NULL, NULL),
(82, 'tab secnidazole', '2013-04-16', '21:28:03', 100, 'tab', NULL, 1000, NULL, NULL),
(83, 'syr septrine', '2013-04-16', '21:30:54', 100, 'syr', NULL, 2000, NULL, NULL),
(84, 'syr viscid gel', '2013-04-16', '21:30:54', 100, 'syr', NULL, 5000, NULL, NULL),
(85, 'mucolyn sp p/a', '2013-04-16', '21:52:24', 14, 'sp', 1100, 2000, 14, NULL),
(86, 'syr dr cold', '2013-04-16', '21:52:24', 100, 'syr', NULL, 2000, NULL, NULL),
(87, 'tab fansider', '2013-04-16', '21:57:00', 100, 'tab', NULL, 1800, NULL, NULL),
(88, 'tab inderal', '2013-04-16', '21:57:00', 100, 'tab', NULL, 100, NULL, NULL),
(89, 'tab quinine', '2013-04-16', '21:59:44', 100, 'tab', 50, 100, 90, NULL),
(90, 'tab paracetamol', '2013-04-16', '21:59:44', 1000, 'tab', 7, 20, 1000, NULL),
(91, 'syr paracetamol', '2013-04-16', '22:03:56', 100, 'syr', NULL, 2000, NULL, NULL),
(92, 'caps tramadol', '2013-04-16', '22:03:56', 100, 'caps', NULL, 500, NULL, NULL),
(93, 'inj tramadol', '2013-04-16', '22:07:04', 100, 'inj', NULL, 5000, NULL, NULL),
(94, 'caps omeprazole', '2013-04-16', '22:07:04', 100, 'caps', NULL, 600, NULL, NULL),
(95, 'inj x-pen', '2013-04-16', '22:09:36', 100, 'inj', NULL, 1200, NULL, NULL),
(96, 'inj gentamycin', '2013-04-16', '22:09:36', 100, 'inj', 300, 2000, 100, NULL),
(97, 'gentamycin eye drop', '2013-04-16', '22:11:59', 100, 'drop', NULL, 2000, NULL, NULL),
(98, 'hydrocortison eye drop', '2013-04-16', '22:11:59', 100, 'drop', NULL, 2000, NULL, NULL),
(99, 'inj phenegan', '2013-04-16', '22:14:18', 100, 'inj', NULL, 2000, NULL, NULL),
(100, 'tab phenegan', '2013-04-16', '22:14:18', 100, 'tab', NULL, 200, NULL, NULL),
(101, 'syr phenegan', '2013-04-16', '22:17:31', 100, 'syr', NULL, 2000, NULL, NULL),
(102, 'inj ceftriaxon', '2013-04-16', '22:17:31', 100, 'inj', NULL, 4000, NULL, NULL),
(103, 'inj quinine', '2013-04-16', '22:35:06', 100, 'inj', NULL, 2000, NULL, NULL),
(104, 'tab vitamin b complex', '2013-04-16', '22:35:06', 100, 'tab', NULL, 20, NULL, NULL),
(105, 'syr vitamin e complex', '2013-04-16', '22:39:19', 100, 'syr', NULL, 2000, NULL, NULL),
(106, 'muconazole oral gel', '2013-04-16', '22:39:19', 100, 'oral', NULL, 5000, NULL, NULL),
(107, 'gentrison cream', '2013-04-16', '22:42:11', 100, 'cream', NULL, 2000, NULL, NULL),
(108, 'quatriderm cream', '2013-04-16', '22:42:11', 100, 'cream', NULL, 9500, NULL, NULL),
(109, 'safi cream ', '2013-04-16', '22:45:53', 100, 'cream', NULL, 3000, NULL, NULL),
(110, 'white field cream', '2013-04-16', '22:45:53', 100, 'cream ', NULL, 2000, NULL, NULL),
(111, 'h2o2 mouth wash', '2013-04-16', '22:49:29', 100, '', NULL, 2000, NULL, NULL),
(112, 'ephedrine nasal drop', '2013-04-16', '22:49:29', 100, 'drop', NULL, 2000, NULL, NULL),
(113, 'tab salbutamol', '2013-04-16', '22:51:22', 100, 'tab', NULL, 20, NULL, NULL),
(114, 'tab valium', '2013-04-16', '22:51:22', 100, 'tab', NULL, 20, NULL, NULL),
(115, 'inflazole gel', '2013-04-16', '22:53:56', 100, 'gel', NULL, 3000, NULL, NULL),
(116, 'tabs priton', '2013-04-16', '22:53:56', 100, 'tabs', 0, 200, NULL, NULL),
(117, 'tab prednisolone', '2013-04-16', '22:55:06', 100, 'tab', NULL, 50, NULL, NULL),
(122, 'muco-asthaline', '2013-04-18', '09:16:09', 6, '', 1300, 3500, 6, NULL),
(123, 'syr cophydrex', '2013-04-18', '09:57:48', 8, 'syr', 250, 2000, 8, NULL),
(124, 'tab ekelfine', '2013-04-18', '10:14:28', 60, 'Tab', 400, 1000, 60, NULL),
(125, 'tab malarfine', '2013-04-18', '10:32:24', 40, 'Tab', 175, 500, 40, NULL),
(126, 'tab zerodol', '2013-04-18', '13:52:23', 30, 'Tab', 267, 500, 30, NULL),
(127, 'syr sediton', '2013-04-18', '18:59:47', 8, 'syr', 1500, 2000, 8, NULL),
(128, 'syr zentus', '2013-04-18', '19:01:38', 8, 'syr', 11000, 2000, 8, NULL),
(129, 'naledexic acid', '2013-04-18', '19:35:07', 200, 'Tab', 150, 300, 200, NULL),
(130, 'tabs meloxicam', '2013-04-24', '11:26:31', 70, 'Tab', 107, 300, 70, NULL);

-- --------------------------------------------------------

-- 
-- Table structure for table `statisticdiagnoses`
-- 

CREATE TABLE `statisticdiagnoses` (
  `id` int(100) NOT NULL auto_increment,
  `nameid` varchar(100) default NULL,
  `diagnosesid` varchar(100) default NULL,
  `date` date default NULL,
  `time` time default NULL,
  `file` varchar(100) default NULL,
  PRIMARY KEY  (`id`)
) ENGINE=InnoDB DEFAULT CHARSET=latin1 AUTO_INCREMENT=76 ;

-- 
-- Dumping data for table `statisticdiagnoses`
-- 

INSERT INTO `statisticdiagnoses` (`id`, `nameid`, `diagnosesid`, `date`, `time`, `file`) VALUES 
(1, '9', '1', '2013-08-30', '16:49:59', '25357'),
(2, '5900', '1', '2013-08-30', '16:49:59', '55656'),
(3, '200', '1', '2013-08-30', '16:59:38', '293949'),
(4, '201', '2', '2013-08-30', '16:59:38', '12393'),
(5, '255', '2', '2013-08-30', '18:00:45', '35676'),
(8, '11', '2', '2013-08-30', '18:10:57', '456'),
(9, '43', '5', '2013-08-30', '18:11:14', '355'),
(10, '11', '5', '2013-08-30', '18:13:08', '6744'),
(13, '25', '6', '2013-08-30', '18:15:40', '2563'),
(14, '28', '6', '2013-08-30', '18:16:17', '6778'),
(15, '22', '1', '2013-08-30', '18:17:20', '755'),
(16, '51', '6', '2013-08-30', '18:19:01', '755'),
(17, '29', '6', '2013-08-30', '18:19:25', '243'),
(18, '29', '6', '2013-08-30', '18:27:24', '243'),
(19, '44', '3', '2013-08-30', '18:28:12', '343'),
(20, '27', '5', '2013-08-30', '18:28:50', '688'),
(21, '39', '5', '2013-08-30', '18:29:10', '243'),
(22, '26', '4', '2013-08-30', '18:29:36', '2563'),
(23, '23', '1', '2013-08-30', '18:30:19', '2563'),
(24, '40', '4', '2013-08-31', '08:18:02', '678'),
(25, '42', '1', '2013-08-31', '10:01:38', '578'),
(26, '23', '2', '2013-08-31', '10:02:04', '578'),
(27, '23', '2', '2013-08-31', '10:02:17', '578'),
(28, '23', '2', '2013-08-31', '10:04:24', '578'),
(29, '5901', '2', '2013-08-31', '10:04:45', '678'),
(30, '5901', '1', '2013-08-31', '10:05:26', '456'),
(31, '5901', '4', '2013-08-31', '11:06:30', '7689'),
(32, '4717', '1', '2013-08-31', '11:13:41', '569'),
(33, '4723', '3', '2013-08-31', '11:14:18', '4966'),
(34, '5901', '10', '2013-08-31', '11:16:39', '789'),
(35, '5901', '14', '2013-08-31', '12:02:37', '345'),
(36, '5902', '1', '2013-08-31', '13:36:57', '00234'),
(37, '5905', '1', '2013-08-31', '13:37:25', '001023'),
(38, '5903', '5', '2013-08-31', '13:50:46', '001034'),
(39, '5903', '5', '2013-08-31', '13:56:35', '001034'),
(40, '5906', '1', '2013-08-31', '21:30:15', ''),
(41, '5185', '1', '2013-08-31', '21:31:49', ''),
(42, '4226', '1', '2013-08-31', '21:32:22', ''),
(43, '5536', '1', '2013-08-31', '21:32:49', ''),
(44, '5908', '1', '2013-09-01', '20:10:26', ''),
(45, '5910', '1', '2013-09-01', '20:11:49', ''),
(46, '5912', '1', '2013-09-01', '20:12:09', ''),
(47, '5913', '1', '2013-09-01', '20:18:55', ''),
(48, '5914', '5', '2013-09-01', '20:42:20', ''),
(49, '5915', '1', '2013-09-01', '20:49:13', ''),
(50, '5917', '1', '2013-09-02', '00:17:13', ''),
(51, '5920', '1', '2013-09-02', '01:00:24', ''),
(52, '5919', '1', '2013-09-02', '01:03:24', ''),
(53, '3784', '1', '2013-09-02', '01:09:02', ''),
(54, '4724', '1', '2013-09-02', '01:09:35', ''),
(55, '5921', '1', '2013-09-02', '09:43:44', ''),
(56, '5922', '1', '2013-09-02', '18:25:39', ''),
(57, '5923', '1', '2013-09-03', '11:59:52', ''),
(58, '5923', '', '2013-09-03', '12:01:34', ''),
(59, '5923', '', '2013-09-03', '12:01:40', ''),
(60, '5923', '23', '2013-09-03', '12:01:52', ''),
(61, '5924', '1', '2013-09-06', '20:27:49', ''),
(62, '5924', '1', '2013-09-06', '20:28:01', ''),
(63, '5925', '1', '2013-09-07', '11:05:14', ''),
(64, '5935', '1', '2013-09-09', '07:58:30', ''),
(65, '5940', '24', '2013-09-21', '12:40:08', ''),
(66, '5942', '1', '2013-09-30', '16:35:00', ''),
(67, '5943', '1', '2013-10-08', '19:33:07', ''),
(68, '5943', '5', '2013-10-08', '19:33:28', ''),
(69, '5945', '5', '2013-10-11', '19:38:33', ''),
(70, '5957', '1', '2013-12-05', '20:41:31', ''),
(71, '5957', '5', '2013-12-05', '20:42:32', ''),
(72, '5965', '2', '2014-01-05', '16:10:09', ''),
(73, '5965', '14', '2014-01-05', '19:31:18', ''),
(74, '5976', '3', '2014-01-10', '16:10:19', ''),
(75, '5976', '4', '2014-01-10', '16:10:28', '');

-- --------------------------------------------------------

-- 
-- Table structure for table `stock`
-- 

CREATE TABLE `stock` (
  `id` int(100) NOT NULL auto_increment,
  `name` varchar(100) default NULL,
  `qr` int(100) default NULL,
  `buy` int(100) default NULL,
  `date` date default NULL,
  `time` time default NULL,
  `sell` int(100) default NULL,
  `quantity` int(100) default NULL,
  `per` varchar(100) default NULL,
  `profit` int(100) default NULL,
  PRIMARY KEY  (`id`)
) ENGINE=InnoDB DEFAULT CHARSET=latin1 AUTO_INCREMENT=49 ;

-- 
-- Dumping data for table `stock`
-- 

INSERT INTO `stock` (`id`, `name`, `qr`, `buy`, `date`, `time`, `sell`, `quantity`, `per`, `profit`) VALUES 
(1, 'caps ampiclox', NULL, NULL, '2013-09-08', '08:24:03', NULL, 1, 'caps', NULL),
(2, 'muvera', NULL, NULL, '2013-09-08', '08:28:46', NULL, 10, 'tab', NULL),
(3, 'muvera', NULL, NULL, '2013-09-08', '08:29:43', NULL, 5, 'tab', NULL),
(4, 'syr emdelyn', NULL, NULL, '2013-09-08', '08:52:36', NULL, 20, 'syr', NULL),
(5, 'zetop', NULL, NULL, '2013-09-08', '10:13:06', NULL, 100, 'tab', NULL),
(6, 'meloxicam', NULL, NULL, '2013-09-09', '08:03:19', NULL, 100, 'Tab', NULL),
(7, 'muvera', NULL, NULL, '2013-09-09', '08:03:19', NULL, 100, 'tab', NULL),
(8, 'zetop', NULL, NULL, '2013-09-09', '08:03:19', NULL, 30, 'tab', NULL),
(9, 'sifa', NULL, NULL, '2013-09-13', '08:30:10', NULL, 1000, 'caps', NULL),
(10, 'sifa', NULL, NULL, '2013-09-13', '08:31:36', NULL, 1000, 'caps', NULL),
(11, 'myteka', NULL, NULL, '2013-09-13', '08:39:18', NULL, 100, 'tabs', NULL),
(12, 'myteka', NULL, NULL, '2013-09-13', '08:41:12', NULL, 100, 'tabs', NULL),
(13, 'gloves', NULL, NULL, '2013-09-15', '09:08:03', NULL, 50, 'vifaa', NULL),
(14, 'gloves', NULL, NULL, '2013-09-15', '09:09:00', NULL, 50, 'vifaa', NULL),
(15, 'sukari', NULL, NULL, '2013-09-21', '14:07:05', NULL, 25, 'chakula', NULL),
(16, 'castle_dumpies', NULL, NULL, '2014-01-09', '17:19:09', NULL, 100, 'beer_catton', NULL),
(17, 'serengeti_box', NULL, NULL, '2014-01-09', '17:19:09', NULL, 20, 'beer_catton', NULL),
(18, 'castle_dumpies', NULL, NULL, '2014-01-09', '20:57:58', NULL, 4, 'beer_catton', NULL),
(19, 'serengeti_box', NULL, NULL, '2014-01-09', '20:57:59', NULL, 6, 'beer_catton', NULL),
(20, 'samsung_pockt', NULL, NULL, '2014-01-09', '20:57:59', NULL, 7, 'phones', NULL),
(21, 'safari_330mls', NULL, NULL, '2014-01-10', '09:15:03', NULL, 10, 'beer', NULL),
(22, 'kilimanjaro', NULL, NULL, '2014-01-10', '09:15:03', NULL, 100, 'beer', NULL),
(23, 'castle_lager', NULL, NULL, '2014-01-10', '09:15:03', NULL, 100, 'beer', NULL),
(24, 'coca', NULL, NULL, '2014-01-10', '09:15:03', NULL, 50, 'sotfdrink', NULL),
(25, 'kilimanjaro_ku', NULL, NULL, '2014-01-10', '09:15:04', NULL, 84, 'water', NULL),
(26, 'kilimanjaro_ndg', NULL, NULL, '2014-01-10', '09:15:04', NULL, 99, 'water', NULL),
(27, 'kilimanjaro_kati', NULL, NULL, '2014-01-10', '09:15:04', NULL, 96, 'water', NULL),
(28, 'uhai_kubwa', NULL, NULL, '2014-01-10', '09:15:04', NULL, 97, 'water', NULL),
(29, 'uhai_ndg', NULL, NULL, '2014-01-10', '09:15:04', NULL, 96, 'water', NULL),
(30, 'smirnoph_vodka', NULL, NULL, '2014-01-10', '09:15:04', NULL, 97, 'wisk', NULL),
(31, 'st_anna', NULL, NULL, '2014-01-10', '09:15:04', NULL, 95, 'wisk', NULL),
(32, 'serengeti_box', NULL, NULL, '2014-01-10', '09:15:04', NULL, 20, 'beer_catton', NULL),
(33, 'samsung', NULL, NULL, '2014-01-10', '09:15:04', NULL, 80, 'ipad', NULL),
(34, 'hp', NULL, NULL, '2014-01-10', '09:15:04', NULL, 80, 'ipad', NULL),
(35, 'ndovu_lager', NULL, NULL, '2014-01-10', '09:15:04', NULL, 100, 'beer', NULL),
(36, 'castle_lite', NULL, NULL, '2014-01-10', '09:15:04', NULL, 94, 'beer', NULL),
(37, 'acrason ', NULL, NULL, '2014-01-14', '20:02:10', NULL, 7, 'cream', NULL),
(38, 'chlorumphenial eye ', NULL, NULL, '2014-01-14', '20:02:11', NULL, 5, 'drop', NULL),
(39, 'dxamthason eye ', NULL, NULL, '2014-01-14', '20:02:11', NULL, 6, 'drop', NULL),
(40, 'samsung_pockt', NULL, NULL, '2014-01-16', '09:26:42', NULL, 1, 'phones', NULL),
(41, 'safari_330mls', NULL, NULL, '2014-01-16', '23:12:55', NULL, 20, 'beer', NULL),
(42, 'kilimanjaro', NULL, NULL, '2014-01-16', '23:12:55', NULL, 20, 'beer', NULL),
(43, 'castle_lager', NULL, NULL, '2014-01-16', '23:12:55', NULL, 20, 'beer', NULL),
(44, 'ndovu_lager', NULL, NULL, '2014-01-16', '23:12:55', NULL, 20, 'beer', NULL),
(45, 'castle_lite', NULL, NULL, '2014-01-16', '23:12:55', NULL, 20, 'beer', NULL),
(46, 'castle_dumpies', NULL, NULL, '2014-01-16', '23:14:53', NULL, 21, 'beer_catton', NULL),
(47, 'serengeti_box', NULL, NULL, '2014-01-16', '23:14:53', NULL, 71, 'beer_catton', NULL),
(48, 'safari_330mls', NULL, NULL, '2014-01-17', '10:45:56', NULL, 1, 'beer', NULL);
