-- phpMyAdmin SQL Dump
-- version 2.10.1
-- http://www.phpmyadmin.net
-- 
-- Host: localhost
-- Generation Time: Aug 03, 2014 at 04:40 PM
-- Server version: 5.0.37
-- PHP Version: 5.2.2

SET SQL_MODE="NO_AUTO_VALUE_ON_ZERO";

-- 
-- Database: `moshi_db`
-- 

-- --------------------------------------------------------

-- 
-- Table structure for table `acc_name`
-- 

CREATE TABLE `acc_name` (
  `id` int(15) NOT NULL auto_increment,
  `name` varchar(100) default NULL,
  `detail` varchar(250) default NULL,
  PRIMARY KEY  (`id`)
) ENGINE=InnoDB DEFAULT CHARSET=latin1 AUTO_INCREMENT=49 ;

-- 
-- Dumping data for table `acc_name`
-- 

INSERT INTO `acc_name` (`id`, `name`, `detail`) VALUES 
(1, 'kennedy swai', 'director'),
(2, 'oscar assenga', 'stockeeper godawn'),
(3, 'safe', 'droo ya duka'),
(4, 'DIGNA MROSSO', ' CASHIER'),
(7, 'OMEGA KAWICHE', 'ASSISTANCY CASHIER'),
(8, 'MARTHLIDA SWAI', 'ASSISTANCY CASHIER'),
(9, 'betty kessy', 'stockeeper dukan'),
(10, 'elizabeth bernald', 'ASSISTANCY  stockkeeper'),
(11, 'joseph swai', 'driver'),
(12, 'linus swai', 'worker'),
(13, 'novatu swai', 'worker'),
(14, 'pristus swai', 'driver'),
(15, 'omary', 'worker'),
(16, 'alphonse ', 'driver'),
(17, 'moharmed', 'worker'),
(18, 'rashid mwarabu', 'worker'),
(19, 'sudi  mbala', 'worker'),
(20, 'frank josia', 'worker'),
(21, 'massanja', 'worker'),
(22, 'christina karadisi', 'accountancy'),
(23, 'luku dukani', 'maintanance'),
(24, 'luku godwn', 'maintanance'),
(25, 'generator', 'maintanance'),
(26, 'house', 'tax'),
(27, 'manunuzi ya bidhaa kwa keshi', 'bidhaa yoyote'),
(28, 'izuzu', 't 172 cvx'),
(29, 'town ice', 't452cmx'),
(30, 'bodaboda', 'wote kwa usafiri'),
(31, 'cheki za mauzo', 'malipo ya mauzo kwa cheki '),
(32, 'bidhaa inayorudi', 'ki'),
(33, 'mafuta', 'magari'),
(34, 'dukani msauzo', 'dukani mauzo'),
(35, 'shirima tabata ', 'deli la nyuma balance'),
(36, 'mafuta', 'magari'),
(37, 'madeni ya numa', 'vinywaji'),
(38, 'X trial', 'magari'),
(39, 'peter', 'MPESA'),
(40, 'petro', 'MPESA'),
(41, 'peter', 'MPESA'),
(42, 'Lipina', 'TIGO PESA'),
(43, 'Car T435zxd', 'mafuta'),
(44, 't763bbb', 'mafuta'),
(45, 'Car T435zxd', 'kuosha'),
(46, 'X trial', 'kuosha'),
(47, 't567bgf', 'kuosha'),
(48, 'peter', 'TIGO PESA');

-- --------------------------------------------------------

-- 
-- Table structure for table `bank`
-- 

CREATE TABLE `bank` (
  `id` int(100) NOT NULL auto_increment,
  `detail` varchar(300) default NULL,
  `deposit` int(30) default NULL,
  `transfer` int(30) default NULL,
  `balance` int(30) default NULL,
  `date` date default NULL,
  `bankname` varchar(100) default NULL,
  `pallet` int(20) default NULL,
  `e_pallet` int(20) default NULL,
  `c_pallet` int(20) default NULL,
  `leak` int(20) default NULL,
  `e_leak` int(20) default NULL,
  `c_leak` int(20) default NULL,
  `empties` int(20) default NULL,
  `e_empties` int(20) default NULL,
  `c_empties` int(20) default NULL,
  PRIMARY KEY  (`id`)
) ENGINE=InnoDB DEFAULT CHARSET=latin1 AUTO_INCREMENT=22 ;

-- 
-- Dumping data for table `bank`
-- 

INSERT INTO `bank` (`id`, `detail`, `deposit`, `transfer`, `balance`, `date`, `bankname`, `pallet`, `e_pallet`, `c_pallet`, `leak`, `e_leak`, `c_leak`, `empties`, `e_empties`, `c_empties`) VALUES 
(1, 'weka', 400000, NULL, 400000, '2014-07-09', '1', NULL, NULL, NULL, NULL, NULL, NULL, NULL, NULL, NULL),
(2, 'peter vane', 100000, NULL, 1760000, '2014-07-09', '1', 2, 50000, 100000, 2, 30000, 60000, 100, 11000, 1100000),
(3, 'weka', 200000, NULL, 1960000, '2014-07-09', '1', 0, 0, 0, 0, 0, 0, 0, 0, 0),
(4, 'LOAN BOAD', 600000, NULL, 600000, '2014-07-10', '4', NULL, NULL, NULL, NULL, NULL, NULL, NULL, NULL, NULL),
(5, 'BATA', NULL, 100000, 500000, '2014-07-10', '4', NULL, NULL, NULL, NULL, NULL, NULL, NULL, NULL, NULL),
(6, 'smart phone', NULL, 200000, 300000, '2014-07-10', '4', NULL, NULL, NULL, NULL, NULL, NULL, NULL, NULL, NULL),
(7, 'weka', 200000, NULL, 500000, '2014-07-10', '4', NULL, NULL, NULL, NULL, NULL, NULL, NULL, NULL, NULL),
(8, 'weka', 200000, NULL, 1460000, '2014-07-10', '3', 2, 50000, 100000, 2, 30000, 60000, 100, 11000, 1100000),
(9, 'sinza', 1500000, NULL, 1500000, '2014-07-19', '5', NULL, NULL, NULL, NULL, NULL, NULL, NULL, NULL, NULL),
(10, 'george frank', NULL, 200000, 1300000, '2014-07-19', '5', NULL, NULL, NULL, NULL, NULL, NULL, NULL, NULL, NULL),
(11, 'boa', 30000000, NULL, 31960000, '2014-07-19', '1', 0, 0, 0, 0, 0, 0, 0, 0, 0),
(12, 'a4567b', NULL, 25000000, 6960000, '2014-07-19', '1', NULL, NULL, NULL, NULL, NULL, NULL, NULL, NULL, NULL),
(13, 'a 6364 pallet return', 0, NULL, 12970432, '2014-07-19', '1', 8, 55179, 441432, 2, 34500, 69000, 500, 11000, 5500000),
(14, 'a4567b', NULL, 30000000, -17029568, '2014-07-19', '1', NULL, NULL, NULL, NULL, NULL, NULL, NULL, NULL, NULL),
(15, 'a 6364 pallet return', 0, NULL, -11019136, '2014-07-19', '1', 8, 55179, 441432, 2, 34500, 69000, 500, 11000, 5500000),
(16, 'boa', 5000000, NULL, -6019136, '2014-07-19', '1', 0, 0, 0, 0, 0, 0, 0, 0, 0),
(17, 'boa', 20000000, NULL, 13980864, '2014-07-19', '1', 0, 0, 0, 0, 0, 0, 0, 0, 0),
(18, 'amos', 0, NULL, 613500, '2014-07-19', '6', 3, 34500, 103500, 4, 40000, 160000, 10, 35000, 350000),
(19, 'peter vane', 0, NULL, 31480864, '2014-07-19', '1', 0, 0, 0, 0, 0, 0, 500, 35000, 17500000),
(20, 'weka', 0, NULL, 32580864, '2014-07-19', '1', 0, 0, 0, 0, 0, 0, 100, 11000, 1100000),
(21, 'a 6364 pallet return', 0, NULL, 38660296, '2014-07-22', '1', 8, 55179, 441432, 4, 34500, 138000, 500, 11000, 5500000);

-- --------------------------------------------------------

-- 
-- Table structure for table `bank_name`
-- 

CREATE TABLE `bank_name` (
  `id` int(10) NOT NULL auto_increment,
  `name` varchar(100) default NULL,
  `acc_no` varchar(100) default NULL,
  PRIMARY KEY  (`id`)
) ENGINE=InnoDB DEFAULT CHARSET=latin1 AUTO_INCREMENT=7 ;

-- 
-- Dumping data for table `bank_name`
-- 

INSERT INTO `bank_name` (`id`, `name`, `acc_no`) VALUES 
(1, 'tbl Account', '09876546888'),
(2, 'boa', '09876546888'),
(3, 'SELENGETI', '5678887'),
(4, 'CRDB', '8859388593'),
(5, 'wilfoc', 'sale'),
(6, 'joseph salesman', '0765w54e54e2');

-- --------------------------------------------------------

-- 
-- Table structure for table `customer_sm`
-- 

CREATE TABLE `customer_sm` (
  `id` int(20) NOT NULL auto_increment,
  `name` varchar(100) default NULL,
  `cost` int(20) default NULL,
  `paid` int(20) default NULL,
  `date` date default NULL,
  PRIMARY KEY  (`id`)
) ENGINE=InnoDB DEFAULT CHARSET=latin1 AUTO_INCREMENT=7 ;

-- 
-- Dumping data for table `customer_sm`
-- 

INSERT INTO `customer_sm` (`id`, `name`, `cost`, `paid`, `date`) VALUES 
(1, 'tesha', 400000, 20000, '2014-07-22'),
(2, 'juma', NULL, NULL, NULL),
(3, 'daudi', NULL, NULL, NULL),
(4, 'kalim', NULL, NULL, NULL),
(5, 'hassan', NULL, NULL, NULL),
(6, 'bunimi', NULL, NULL, NULL);

-- --------------------------------------------------------

-- 
-- Table structure for table `data`
-- 

CREATE TABLE `data` (
  `id` int(100) NOT NULL auto_increment,
  `nm` varchar(150) default NULL,
  `ct` varchar(100) default NULL,
  `per` varchar(100) default NULL,
  `pr` int(100) default NULL,
  `qt` float default NULL,
  `d` date default NULL,
  `t` time default NULL,
  `by` int(100) default NULL,
  `buyprice` int(40) default NULL,
  PRIMARY KEY  (`id`)
) ENGINE=InnoDB DEFAULT CHARSET=latin1 AUTO_INCREMENT=326 ;

-- 
-- Dumping data for table `data`
-- 

INSERT INTO `data` (`id`, `nm`, `ct`, `per`, `pr`, `qt`, `d`, `t`, `by`, `buyprice`) VALUES 
(1, 'konyagi_750ml', 'tdl_konyagi', 'pc', 10167, 4, '2014-05-29', '17:44:40', 11000, 0),
(2, 'konyagi_500ml', 'tdl_konyagi', 'pc', 5188, 213, '2014-05-29', '17:45:43', 5900, 0),
(3, 'konyagi_200ml', 'tdl_konyagi', 'pc', 2157, 718, '2014-05-29', '17:46:24', 2500, 0),
(4, 'konyagi_100m', 'tdl_konyagi', 'pc', 9417, 3740, '2014-05-29', '17:49:08', 10000, 0),
(5, 'konyagi_50ml', 'tdl_konyagi', 'pc', 8542, 0, '2014-05-29', '17:50:03', 9500, 0),
(6, 'valeur__750ml', 'tdl_konyagi', 'pc', 10167, 158, '2014-05-29', '17:51:08', 11000, 0),
(7, 'valeur_200ml', 'tdl_konyagi', 'pc', 2086, 20, '2014-05-29', '17:51:40', 2500, 0),
(8, 'valeur_box50ml', 'tdl_konyagi', 'pc', 7167, 104, '2014-05-29', '17:52:42', 8000, 0),
(9, 'viceroy_750ml', 'tdl_konyagi', 'pc', 17000, 11, '2014-05-29', '17:54:24', 17500, 0),
(10, 'viceroy_200ml', 'tdl_konyagi', 'pc', 3343, 767, '2014-05-29', '17:57:40', 3500, 0),
(11, 'count_pushkin_200ml', 'tdl_konyagi', 'pc', 2914, 293, '2014-05-29', '17:58:59', 3500, 0),
(12, 'rigence_200ml', 'tdl_konyagi', 'pc', 2857, 9, '2014-05-29', '17:59:38', 3500, 0),
(13, 'bismark_rocks_200ml', 'tdl_konyagi', 'pc', 1500, 22, '2014-05-29', '18:02:43', 1500, 0),
(14, 'baron_750ml', 'shampagne', 'pc', 11500, 21, '2014-05-29', '18:03:57', 12000, 0),
(15, 'pealant_750ml', 'shampagne', 'pc', 11500, 4, '2014-05-29', '18:05:05', 12000, 0),
(16, 'swartland_750ml', 'shampagne', 'pc', 11500, 2, '2014-05-29', '18:06:15', 12000, 0),
(17, 'chamdor_750ml', 'shampagne', 'pc', 8166, 79, '2014-05-29', '18:07:07', 8500, 0),
(18, 'robertson_750ml', 'shampagne', 'pc', 11500, 1, '2014-05-29', '18:07:44', 12000, 0),
(19, 'jackline_750ml', 'shampagne', 'pc', 11500, 4, '2014-05-29', '18:08:31', 12000, 0),
(20, 'celebration_750ml', 'shampagne', 'pc', 6500, 2, '2014-05-29', '18:09:07', 7000, 0),
(21, 'doglas_green_750ml', 'shampagne', 'pc', 11500, 1, '2014-05-29', '18:10:00', 12000, 0),
(22, 'j.c_750ml', 'shampagne', 'pc', 14500, 27, '2014-05-29', '18:10:37', 15000, 0),
(23, 'andre_750ml', 'shampagne', 'pc', 11500, 0, '2014-05-29', '18:11:04', 12000, 0),
(24, 'heaven_750ml', 'shampagne', 'pc', 5416, 129, '2014-05-29', '18:12:03', 6500, 0),
(25, 'royality_750ml', 'shampagne', 'pc', 7000, 112, '2014-05-29', '18:13:08', 7500, 0),
(26, 'pearl_bay_750ml', 'shampagne', 'pc', 11500, 2, '2014-05-29', '18:14:34', 12000, 0),
(27, 'baron_white_4lts', 'tdl_box_wine', 'pc', 37000, 6, '2014-05-29', '18:15:26', 38000, 0),
(28, 'bovilei_white_4lts', 'tdl_box_wine', 'pc', 30500, 14, '2014-05-29', '18:16:18', 31000, 0),
(29, 'bovilei_red_4lts', 'tdl_box_wine', 'pc', 32500, 11, '2014-05-29', '18:17:24', 33000, 0),
(30, 'bonie_esperance_white_4lts', 'tdl_box_wine', 'pc', 34500, 4, '2014-05-29', '18:18:31', 35000, 0),
(31, 'bonie_esperance_red_4lts', 'tdl_box_wine', 'pc', 37500, 3, '2014-05-29', '18:19:46', 38000, 0),
(32, 'namaqua_3lts', 'tdl_box_wine', 'pc', 24500, 5, '2014-05-29', '18:20:16', 25000, 0),
(33, 'ovemeer_stain_5lts', 'tdl_box_wine', 'pc', 30500, 27, '2014-05-29', '18:21:28', 33000, 0),
(34, 'overmeer_red_5lts', 'tdl_box_wine', 'pc', 34250, 25, '2014-05-29', '18:22:15', 37000, 0),
(35, 'overmeer_late_havest', 'tdl_box_wine', 'pc', 30500, 0, '2014-05-29', '18:23:15', 33000, 0),
(36, 'overmeer_white_5lts', 'tdl_box_wine', 'pc', 30500, 6, '2014-05-29', '18:24:05', 33000, 0),
(37, 'st_celine_3lts', 'tdl_box_wine', 'pc', 27500, 9, '2014-05-29', '18:24:45', 28000, 0),
(38, 'namaqua_red_dry5lts', 'tdl_box_wine', 'pc', 39500, 4, '2014-05-29', '18:25:31', 40000, 0),
(39, 'namaqua_white_dry5lts', 'tdl_box_wine', 'pc', 37500, 41, '2014-05-29', '18:26:20', 38000, 0),
(40, 'namaqua_red_sweet_jh5lts', 'tdl_box_wine', 'pc', 39500, 25, '2014-05-29', '18:27:14', 40000, 0),
(41, 'namaqua_late_harvest_5lts', 'tdl_box_wine', 'pc', 37500, 14, '2014-05-29', '18:28:11', 38000, 0),
(42, 'namaqua_rose_5lts', 'tdl_box_wine', 'pc', 37500, 2, '2014-05-29', '18:28:58', 38000, 0),
(43, 'drost_hof_red_4lts', 'tdl_box_wine', 'pc', 42000, 99, '2014-05-29', '18:30:10', 44000, 0),
(44, 'drosthoh_white_4lts', 'tdl_box_wine', 'pc', 35500, 38, '2014-05-29', '18:31:05', 36000, 0),
(45, 'penasol_red_1lt', 'tdl_box_wine', 'pc', 6000, 177, '2014-05-29', '18:31:44', 7000, 0),
(46, 'penasol_white_1lt', 'tdl_box_wine', 'pc', 6000, 574, '2014-05-29', '18:32:31', 7000, 0),
(47, 'penasol_red_sweet_1lt', 'tdl_box_wine', 'pc', 6000, 10, '2014-05-29', '18:33:11', 7000, 0),
(48, 'penasol_semi_sweet', 'tdl_box_wine', 'pc', 8000, 6, '2014-05-29', '18:34:04', 8000, 0),
(49, 'robertson_red_1lt', 'tdl_box_wine', 'pc', 8166, 1, '2014-05-29', '18:35:29', 8500, 0),
(50, 'robertson_white_1lt', 'tdl_box_wine', 'pc', 8166, 1, '2014-05-29', '18:37:28', 8500, 0),
(51, 'robertson_red_3lts', 'tdl_box_wine', 'pc', 25500, 4, '2014-05-29', '18:38:42', 26000, 0),
(52, 'robertson_white_3lts', 'tdl_box_wine', 'pc', 24500, 4, '2014-05-29', '18:39:48', 25000, 0),
(53, 'drosthof_red_750ml', 'tdl_bottle_wine', 'pc', 11300, 363, '2014-05-29', '18:41:58', 11500, 0),
(54, 'drosthof_white_750ml', 'tdl_bottle_wine', 'pc', 11000, 238, '2014-05-29', '18:43:04', 11000, 0),
(55, 'drosthof_natural_sweet_red_750ml_', 'tdl_bottle_wine', 'pc', 8333, 36, '2014-05-29', '18:45:15', 8500, 0),
(56, 'drosthof_extra_light_750ml', 'tdl_bottle_wine', 'pc', 11000, 115, '2014-05-29', '18:46:32', 8500, 0),
(57, 'drosthof_red_375ml', 'tdl_bottle_wine', 'pc', 6000, 325, '2014-05-29', '18:47:31', 6500, 0),
(58, 'drosthof_white_375ml', 'tdl_bottle_wine', 'pc', 5000, 333, '2014-05-29', '18:49:04', 5500, 0),
(59, 'image_red_dry750ml', 'tdl_bottle_wine', 'pc', 10000, 83, '2014-05-29', '18:49:44', 11000, 0),
(60, 'image_white_dry750ml', 'tdl_bottle_wine', 'pc', 9500, 8, '2014-05-29', '18:50:36', 9500, 0),
(61, 'image_sweet_red750ml', 'tdl_bottle_wine', 'pc', 10000, 9, '2014-05-30', '11:00:19', 11000, 0),
(62, 'belligham_red_750ml', 'mh_bottle_wine', 'pc', 14500, 16, '2014-05-30', '11:01:19', 15000, 0),
(63, 'belligham_white_750ml', 'mh_bottle_wine', 'pc', 15000, 11, '2014-05-30', '11:02:21', 15000, 0),
(64, 'bellgham_chadonay_750ml', 'mh_bottle_wine', 'pc', 12000, 10, '2014-05-30', '11:03:14', 12000, 0),
(65, 'st_celine_750ml', 'mh_bottle_wine', 'pc', 8000, 44, '2014-05-30', '11:03:55', 8500, 0),
(66, 'st_morand_750ml', 'mh_bottle_wine', 'pc', 6750, 22, '2014-05-30', '11:04:38', 7500, 0),
(67, 'st_claire_750ml', 'mh_bottle_wine', 'pc', 6750, 51, '2014-05-30', '11:05:20', 7500, 0),
(68, 'st_rafael_750ml', 'mh_bottle_wine', 'pc', 8000, 135, '2014-05-30', '11:06:06', 8500, 0),
(69, 'flour_750ml', 'mh_bottle_wine', 'pc', 7000, 64, '2014-05-30', '11:06:43', 7000, 0),
(70, 'four_cousins_750ml', 'ap_bottle_wine', 'pc', 11500, 376, '2014-05-30', '11:07:28', 12000, 0),
(71, 'pearl_bay_750ml', 'ap_bottle_wine', 'pc', 11500, 434, '2014-05-30', '11:08:04', 12000, 0),
(72, 'arniston_750ml', 'ap_bottle_wine', 'pc', 7000, 50, '2014-05-30', '11:08:44', 7000, 0),
(73, 'celler_cask_750ml', 'ap_bottle_wine', 'pc', 11000, 25, '2014-05-30', '11:09:33', 16000, 0),
(74, 'baron_romero_750ml', 'ap_bottle_wine', 'pc', 7000, 200, '2014-05-30', '11:10:24', 7000, 0),
(75, 'doglass_green_750ml', 'mh_bottle_wine', 'pc', 10000, 3, '2014-05-30', '11:10:54', 10000, 0),
(76, 'lion_hill_750ml', 'ap_bottle_wine', 'pc', 10500, 57, '2014-05-30', '11:11:36', 11000, 0),
(77, 'graig_hall_750ml', 'ap_bottle_wine', 'pc', 7500, 30, '2014-05-30', '11:12:16', 7500, 0),
(78, 'st.anna_750ml', 'mh_bottle_wine', 'pc', 6750, 2004, '2014-05-30', '11:12:51', 7500, 0),
(79, 'namaqua_white_750ml', 'ap_bottle_wine', 'pc', 11500, 8, '2014-05-30', '11:14:10', 12000, 0),
(80, 'namaqua_red_750ml', 'ap_bottle_wine', 'pc', 11500, 18, '2014-05-30', '11:14:50', 12000, 0),
(81, 'balance_duddy_white_750ml', 'tdl_bottle_wine', 'pc', 10000, 6, '2014-05-30', '11:17:07', 10500, 0),
(82, 'balance_duddy_red_750ml', 'tdl_bottle_wine', 'pc', 10000, 6, '2014-05-30', '11:18:15', 10500, 0),
(83, 'fleur_du_cad_750ml', 'tdl_bottle_wine', 'pc', 14500, 5, '2014-05-30', '11:19:36', 15000, 0),
(84, 'sweet_wine_red_750ml', 'tdl_bottle_wine', 'pc', 8000, 23, '2014-05-30', '11:20:11', 8500, 0),
(85, 'terandina_200ml', 'tdl_bottle_wine', 'pc', 2000, 838, '2014-05-30', '11:21:10', 2200, 0),
(86, 'sweet_white_750ml', 'tdl_bottle_wine', 'pc', 8000, 31, '2014-05-30', '11:21:46', 8500, 0),
(87, 'carbertnet_750ml', 'tdl_bottle_wine', 'pc', 14500, 2, '2014-05-30', '11:22:21', 15000, 0),
(88, 'asconi_750ml', 'tdl_bottle_wine', 'pc', 14500, 18, '2014-05-30', '11:22:57', 15000, 0),
(89, 'baron_red_dry_750ml', 'mh_bottle_wine', 'pc', 11000, 70, '2014-05-30', '11:23:59', 11500, 0),
(90, 'baron_red_sweet_750ml', 'mh_bottle_wine', 'pc', 11000, 5, '2014-05-30', '11:24:40', 11500, 0),
(91, 'baron_white_dry_750ml', 'mh_bottle_wine', 'pc', 11000, 73, '2014-05-30', '11:25:52', 11500, 0),
(92, 'baron_white_sweet_750ml', 'mh_bottle_wine', 'pc', 11000, 12, '2014-05-30', '11:26:35', 11500, 0),
(93, 'two_oceans', 'tdl_bottle_wine', 'pc', 27000, 12, '2014-05-30', '11:26:59', 14500, 0),
(94, 'colemborg_white_750ml', 'mh_bottle_wine', 'pc', 9500, 36, '2014-05-30', '11:27:45', 9500, 0),
(95, 'colemborg_red_750ml', 'mh_bottle_wine', 'pc', 9500, 18, '2014-05-30', '11:28:20', 9500, 0),
(96, 'nedurburg_red_750ml', 'tdl_bottle_wine', 'pc', 13500, 10, '2014-05-30', '11:28:59', 14050, 0),
(97, 'nedurburg_white_750ml', 'tdl_bottle_wine', 'pc', 11500, 12, '2014-05-30', '11:29:35', 12000, 0),
(98, 'mateus_750ml', 'mh_bottle_wine', 'pc', 15500, 46, '2014-05-30', '11:30:23', 16000, 0),
(99, 'tall_hourse', 'mh_bottle_wine', 'pc', 10000, 149, '2014-05-30', '11:30:59', 10500, 0),
(100, 'cinzano_750ml', 'mh_bottle_wine', 'pc', 13000, 81, '2014-05-30', '11:31:42', 13500, 0),
(101, 'martin_750ml', 'mh_bottle_wine', 'pc', 14000, 48, '2014-05-30', '11:32:23', 14500, 0),
(102, 'dodoma_red_dry_750ml', 'tdl_bottle_wine', 'pc', 10000, 145, '2014-05-30', '11:33:01', 10500, 0),
(103, 'dodoma_white_sweet_750ml', 'tdl_bottle_wine', 'pc', 9000, 106, '2014-05-30', '11:33:47', 9500, 0),
(104, 'dodoma_white_dry_750ml', 'tdl_bottle_wine', 'pc', 9000, 116, '2014-05-30', '11:34:22', 9500, 0),
(105, 'block_750ml', 'tdl_bottle_wine', 'pc', 11000, 19, '2014-05-30', '11:35:21', 11500, 0),
(106, 'merlot_750ml', 'ap_bottle_wine', 'pc', 12000, 7, '2014-05-30', '11:35:47', 12500, 0),
(107, 'swartland_non_alcohol_750ml', 'shampagne', 'pc', 9500, 26, '2014-05-30', '11:40:01', 10000, 0),
(108, 'robertson_red_5lts', 'ap_bottle_wine', 'pc', 15000, 0, '2014-05-30', '11:41:35', 16000, 0),
(109, 'robertson_rose_5lts', 'ap_bottle_wine', 'pc', 15000, 4, '2014-05-30', '11:43:20', 16000, 0),
(110, 'robertson_rose_750ml', 'ap_bottle_wine', 'pc', 8166, 227, '2014-05-30', '11:44:05', 8500, 0),
(111, 'robertson_white_750ml', 'ap_bottle_wine', 'pc', 8166, 131, '2014-05-30', '11:44:59', 8500, 0),
(112, 'robertson_red_750ml', 'ap_bottle_wine', 'pc', 8166, 185, '2014-05-30', '11:45:50', 8500, 0),
(113, 'pear_tree_750ml', 'mh_bottle_wine', 'pc', 10000, 18, '2014-05-30', '11:46:27', 10500, 0),
(114, 'alta_750ml', 'ap_bottle_wine', 'pc', 7250, 153, '2014-05-30', '11:47:06', 8000, 0),
(115, 'dompo_750ml', 'ap_bottle_wine', 'pc', 7250, 66, '2014-05-30', '11:47:46', 8000, 0),
(116, 'primium_vodka_50ml', 'kiroba', 'pc', 4375, 431, '2014-05-30', '11:49:28', 5000, 0),
(117, 'primium_vodka_30ml', 'kiroba', 'pc', 3542, 519, '2014-05-30', '11:52:41', 4000, 0),
(118, 'primium_vodka_100ml', 'kiroba', 'pc', 6666, 43, '2014-05-30', '11:53:14', 7500, 0),
(119, 'van_roh_50ml', 'kiroba', 'pc', 5417, 50, '2014-05-30', '11:53:39', 6500, 0),
(120, 'van_roh_100ml', 'kiroba', 'pc', 6250, 14, '2014-05-30', '11:55:03', 7500, 0),
(121, 'ginger_50ml', 'kiroba', 'pc', 6000, 0, '2014-05-30', '11:55:44', 6500, 0),
(122, 'zed_50ml', '', 'pc', 0, 0, '2014-05-30', '11:56:06', 5000, 0),
(123, 'zed_50ml', 'kiroba', 'pc', 4667, 24, '2014-05-30', '11:57:11', 5000, 0),
(124, 'dollers_50ml', 'kiroba', 'pc', 4667, 368, '2014-05-30', '11:58:09', 5000, 0),
(125, 'tembo_50ml', 'kiroba', 'pc', 4667, 176, '2014-05-30', '11:59:08', 5000, 0),
(126, 'samson_50ml', 'kiroba', 'pc', 4417, 57, '2014-05-30', '11:59:47', 5000, 0),
(127, 'double_punch_50ml', 'kiroba', 'pc', 4417, 4273, '2014-05-30', '12:00:27', 5000, 0),
(128, 'kiroba_original_100ml', 'kiroba', 'pc', 7000, 1462, '2014-05-30', '12:01:37', 7500, 0),
(129, 'kiroba_original_50ml', 'kiroba', 'pc', 6167, 7826, '2014-05-30', '12:02:46', 6500, 0),
(130, 'kiroba_original_30ml', 'kiroba', 'pc', 4200, 0, '2014-05-30', '12:03:29', 5000, 0),
(131, 'officers_choice_50ml', 'kiroba', 'pc', 4417, 108, '2014-05-30', '12:06:30', 5000, 0),
(132, 'jonney', 'kiroba', 'pc', 4417, 147, '2014-05-30', '12:08:12', 5000, 0),
(133, 'ib_50ml', 'kiroba', 'pc', 4417, 51, '2014-05-30', '12:08:54', 5000, 0),
(134, 'boss_100ml', 'kiroba', 'pc', 8750, 366, '2014-05-30', '12:09:22', 9000, 0),
(135, 'boss_50ml', 'kiroba', 'pc', 8750, 35, '2014-05-30', '12:09:51', 9000, 0),
(136, 'j&b_200ml', 'sbl_beer_whisky', 'pc', 7500, 101, '2014-05-30', '12:11:24', 8000, 0),
(137, 'magic_moment_180ml', 'mh_whisky', 'pc', 3300, 35, '2014-05-30', '12:12:07', 3500, 0),
(138, 'richot_200ml', 'sbl_beer_whisky', 'pc', 3900, 129, '2014-05-30', '12:13:02', 4000, 0),
(139, 'red_lebel_200ml', 'sbl_beer_whisky', 'pc', 7500, 559, '2014-05-30', '12:14:11', 8000, 0),
(140, 'viceroy_200ml', 'mh_whisky', 'pc', 3000, 851, '2014-05-30', '12:15:07', 3500, 0),
(141, 'club_12_200ml', 'mh_whisky', 'pc', 5500, 10, '2014-05-30', '12:15:47', 6000, 0),
(142, 'bismark_rocks_200ml', 'tdl_whisky', 'pc', 1500, 32, '2014-05-30', '12:16:46', 1500, 0),
(143, 'contessa_180ml', 'mh_whisky', 'pc', 2500, 21, '2014-05-30', '12:17:15', 2500, 0),
(144, 'old_admiral_180ml', 'mh_whisky', 'pc', 3500, 23, '2014-05-30', '12:17:54', 3500, 0),
(145, 'best_whisky_200ml', 'mh_whisky', 'pc', 6000, 11, '2014-05-30', '12:19:41', 6000, 0),
(146, 'dewars_200ml', 'mh_whisky', 'pc', 5500, 71, '2014-05-30', '12:20:16', 6000, 0),
(147, 'royal_chalenge_200ml', 'mh_whisky', 'pc', 2500, 11, '2014-05-30', '12:20:56', 3000, 0),
(148, 'rigence_200ml', '', 'pc', 0, 0, '2014-05-30', '12:21:31', 0, 0),
(149, 'balantine_200ml', 'mh_whisky', 'pc', 8000, 0, '2014-05-30', '12:22:22', 8500, 0),
(150, 'teachers_200ml_ndg', 'mh_whisky', 'pc', 7000, 46, '2014-05-30', '12:23:08', 7500, 0),
(151, 'mc.dowel_180ml', 'mh_whisky', 'pc', 3000, 0, '2014-05-30', '12:23:55', 3500, 0),
(152, 'mc.dowel_375ml', 'mh_whisky', 'pc', 5500, 105, '2014-05-30', '12:24:32', 5500, 0),
(153, 'van_roh_200ml', 'mh_whisky', 'pc', 1857, 186, '2014-05-30', '12:25:13', 2000, 0),
(154, 'k.vant_200ml', 'mh_whisky', 'pc', 1857, 33, '2014-05-30', '12:25:58', 2000, 0),
(155, 'jack_daniel_d2', 'mh_whisky', '1dzn', 40500, 11.5, '2014-05-30', '12:27:01', 41000, 0),
(156, 'black_deluxe_180ml_', 'mh_whisky', 'pc', 3500, 26, '2014-05-30', '12:27:47', 4000, 0),
(157, 'black_deluxe_750ml', 'mh_whisky', 'pc', 11000, 12, '2014-05-30', '12:28:15', 12000, 0),
(158, 'officers_choice_180ml', 'mh_whisky', 'pc', 2500, 58, '2014-05-30', '12:29:18', 2500, 0),
(159, 'officers_choice_90ml', 'mh_whisky', 'pc', 1500, 66, '2014-05-30', '12:30:09', 1500, 0),
(160, 'royal_stag_180ml', 'mh_whisky', 'pc', 3500, 9, '2014-05-30', '12:31:01', 3500, 0),
(161, 'gold_medal_180ml', 'mh_whisky', 'pc', 3000, 48, '2014-05-30', '12:31:34', 3000, 0),
(162, 'gold_medal_90ml', 'mh_whisky', 'pc', 1500, 4, '2014-05-30', '12:32:00', 1500, 0),
(163, 'white_muschek_180ml', 'mh_whisky', 'pc', 3000, 44, '2014-05-30', '12:32:40', 3000, 0),
(164, 'beefeeter_200ml', 'mh_whisky', 'pc', 7500, 19, '2014-05-30', '12:33:14', 8000, 0),
(165, 'opena_concept', 'mh_whisky', 'pc', 17000, 0, '2014-05-30', '12:34:13', 17000, 0),
(166, 'opena_pretige_', 'mh_whisky', 'pc', 15000, 9, '2014-05-30', '12:35:20', 15000, 0),
(167, 'amarula_d2', 'tdl_whisky', 'pc', 36000, 33.5, '2014-05-30', '12:36:07', 37000, 0),
(168, 'dewars_d2', 'mh_whisky', 'pc', 23000, 14, '2014-05-30', '12:36:45', 23500, 0),
(169, 'beefeeter_d2', 'mh_whisky', 'pc', 23000, 20.5, '2014-05-30', '12:37:31', 23500, 0),
(170, 'jim_beam_200ml', 'mh_whisky', 'pc', 7000, 46, '2014-05-30', '12:38:16', 7500, 0),
(171, 'romanon_180ml', 'mh_whisky', 'pc', 2000, 45, '2014-05-30', '12:38:53', 2000, 0),
(172, 'blue_ribend_180ml', 'mh_whisky', 'pc', 2000, 54, '2014-05-30', '12:39:23', 2000, 0),
(173, 'magic_moment_375ml', 'mh_whisky', 'pc', 6500, 55, '2014-05-30', '12:40:41', 6500, 0),
(174, 'barcard_1000ml', 'mh_whisky', 'pc', 25500, 0, '2014-05-30', '12:41:18', 25500, 0),
(175, 'barcard_750ml', 'mh_whisky', 'pc', 22500, 11, '2014-05-30', '12:41:59', 22500, 0),
(176, 'barclays_750ml', 'sbl_beer_whisky', 'pc', 11000, 0, '2014-05-30', '12:42:40', 11000, 0),
(177, 'clip_drift_750ml', 'tdl_whisky', 'pc', 17000, 14, '2014-05-30', '12:43:48', 18000, 0),
(178, 'j&b_750ml', 'sbl_beer_whisky', 'pc', 22000, 17, '2014-05-30', '12:44:38', 23000, 0),
(179, 'officers_choice_750ml', 'mh_whisky', 'pc', 9000, 0, '2014-05-30', '12:45:38', 9500, 0),
(180, 'richot_750ml', 'sbl_beer_whisky', 'pc', 14000, 27, '2014-05-30', '12:46:14', 14500, 0),
(181, 'klipdrift_gold_', 'tdl_whisky', 'pc', 54000, 2, '2014-05-30', '12:47:03', 45000, 0),
(182, 'absolute_500ml', 'mh_whisky', 'pc', 22500, 0, '2014-05-30', '12:50:30', 24000, 0),
(183, 'consolat_gin_750ml', 'tdl_whisky', 'pc', 11500, 23, '2014-05-30', '12:51:30', 12500, 0),
(184, 'beefeeter_750ml', 'mh_whisky', 'pc', 22500, 10, '2014-05-30', '12:52:04', 23000, 0),
(185, 'dewars_750ml', 'mh_whisky', 'pc', 12000, 11, '2014-05-30', '12:52:40', 13000, 0),
(186, 'royal_challenge_750ml', 'mh_whisky', 'pc', 9000, 3, '2014-05-30', '12:53:12', 9500, 0),
(187, 'mc_dowel_750ml', 'mh_whisky', 'pc', 10500, 9, '2014-05-30', '12:53:49', 11000, 0),
(188, 'empire_vodka_750ml', 'mh_whisky', 'pc', 11000, 2, '2014-05-30', '12:55:48', 12000, 0),
(189, 'scottish_leader_750ml', 'mh_whisky', 'pc', 15000, 1, '2014-05-30', '12:56:41', 16000, 0),
(190, 'bond_7_750ml', 'sbl_beer_whisky', 'pc', 9000, 2, '2014-05-30', '12:57:11', 10000, 0),
(191, 'famous_750ml', 'mh_whisky', 'pc', 25000, 57, '2014-05-30', '12:57:44', 26000, 0),
(192, 'magi_moment_750ml', 'mh_whisky', 'pc', 11500, 74, '2014-05-30', '12:58:18', 12000, 0),
(193, 'jim_beam_375ml', 'mh_whisky', 'pc', 11500, 31, '2014-05-30', '12:58:52', 12000, 0),
(194, 'four_cousins_marula_750ml', 'mh_whisky', 'pc', 11000, 10, '2014-05-30', '13:00:03', 12000, 0),
(195, 'butllers_marula_750ml', 'mh_whisky', 'pc', 15000, 4, '2014-05-30', '13:00:41', 16000, 0),
(196, 'malibu_750ml', 'mh_whisky', 'pc', 22000, 3, '2014-05-30', '13:01:23', 22000, 0),
(197, 'teachers_750ml_', 'mh_whisky', 'pc', 17500, 16, '2014-05-30', '13:02:01', 18000, 0),
(198, 'camino_750ml', 'mh_whisky', 'pc', 22000, 22, '2014-05-30', '13:02:31', 22500, 0),
(199, 'jack_daniel_200ml', 'mh_whisky', 'pc', 15500, 142, '2014-05-30', '13:03:05', 16000, 0),
(200, 'jack_daniel_375ml', 'mh_whisky', 'pc', 23500, 99, '2014-05-30', '13:04:03', 24000, 0),
(201, 'jack_daniel_750ml', 'mh_whisky', 'pc', 40500, 61, '2014-05-30', '13:04:44', 41000, 0),
(202, 'hennesy_375ml', 'mh_whisky', 'pc', 26000, 46, '2014-05-30', '13:06:29', 26000, 0),
(203, 'hennesy_750ml', 'mh_whisky', 'pc', 55000, 15, '2014-05-30', '13:07:04', 55000, 0),
(204, 'hennesy_200ml', 'mh_whisky', 'pc', 15000, 60, '2014-05-30', '13:07:34', 15000, 0),
(205, 'j&b_375ml', 'sbl_beer_whisky', 'pc', 7500, 12, '2014-05-30', '13:08:08', 8000, 0),
(206, 'godons_200ml', 'sbl_beer_whisky', 'pc', 7500, 174, '2014-05-30', '13:08:44', 8000, 0),
(207, 'hennesy_d2', 'mh_whisky', 'pc', 66000, 2, '2014-05-30', '13:09:15', 66000, 0),
(208, 'black_label_750ml', 'sbl_beer_whisky', 'pc', 55000, 18, '2014-05-30', '13:09:42', 57000, 0),
(209, 'grans_12yrs_750ml', 'mh_whisky', 'pc', 48000, 3, '2014-05-30', '13:10:24', 48000, 0),
(210, 'balantine_12yrs_750ml', 'mh_whisky', 'pc', 52000, 0, '2014-05-30', '13:11:35', 52000, 0),
(211, 'balantine_gift_750ml', 'mh_whisky', 'pc', 24000, 47, '2014-05-30', '13:12:17', 25000, 0),
(212, 'balantine_750ml', 'mh_whisky', 'pc', 24000, 0, '2014-05-30', '13:13:16', 25000, 0),
(213, 'amarula_750ml', 'tdl_whisky', 'pc', 18750, 262, '2014-05-30', '13:14:30', 20000, 0),
(214, 'amarula_375ml', 'tdl_whisky', 'pc', 12458, 248, '2014-05-30', '13:15:07', 13000, 0),
(215, 'amarula_200ml', 'tdl_whisky', 'pc', 6000, 33, '2014-05-30', '13:15:40', 6500, 0),
(216, 'red_label_750ml', 'sbl_beer_whisky', 'pc', 22500, 47, '2014-05-30', '13:16:26', 23000, 0),
(217, 'godons_750ml_', 'sbl_beer_whisky', 'pc', 22000, 51, '2014-05-30', '13:17:51', 22000, 0),
(218, 'three_barel_750ml', 'mh_whisky', 'pc', 19000, 5, '2014-05-30', '13:18:24', 20000, 0),
(219, 'vat_69_750ml', 'sbl_beer_whisky', 'pc', 16000, 10, '2014-05-30', '13:18:56', 16500, 0),
(220, 'captain_morgan_750ml', 'sbl_beer_whisky', 'pc', 17000, 11, '2014-05-30', '13:20:07', 17500, 0),
(221, 'africoco750ml', 'mh_whisky', 'pc', 23000, 0, '2014-05-30', '13:20:35', 23000, 0),
(222, 'napoleon_750ml', 'sbl_beer_whisky', 'pc', 10500, 20, '2014-05-30', '13:21:24', 11000, 0),
(223, 'k_vant_750ml', 'mh_whisky', 'pc', 5416, 63, '2014-05-30', '13:21:49', 6500, 0),
(224, 'konyagi_750ml', '', 'pc', 0, 0, '2014-05-30', '13:22:13', 0, 0),
(225, 'valeur_750ml', '', 'pc', 0, 0, '2014-05-30', '13:22:39', 0, 0),
(226, 'viceroy_750ml', '', 'pc', 0, 0, '2014-05-30', '13:23:10', 0, 0),
(227, 'king_robert_1000ml', 'sbl_beer_whisky', 'pc', 16500, 9, '2014-05-30', '13:23:37', 17000, 0),
(228, 'king_robert_750ml', 'sbl_beer_whisky', 'pc', 16000, 5, '2014-05-30', '13:24:37', 16500, 0),
(229, 'evan_william_750ml', 'sbl_beer_whisky', 'pc', 23500, 2, '2014-05-30', '13:25:03', 24000, 0),
(230, 'misschef_750ml', 'mh_whisky', 'pc', 19000, 12, '2014-05-30', '13:25:35', 20000, 0),
(231, 'grants_750ml', 'mh_whisky', 'pc', 17500, 136, '2014-05-30', '13:26:29', 18000, 0),
(232, 'grants_375ml', 'mh_whisky', 'pc', 9500, 281, '2014-05-30', '13:27:06', 10000, 0),
(233, 'grants_200ml', 'mh_whisky', 'pc', 7000, 536, '2014-05-30', '13:27:44', 7500, 0),
(234, 'famous_200ml', 'mh_whisky', 'pc', 8500, 236, '2014-05-30', '13:28:15', 9000, 0),
(235, 'terandina_200ml', '', 'pc', 0, 0, '2014-05-30', '13:29:59', 0, 0),
(236, 'grans_d2', 'mh_whisky', 'pc', 24500, 18.5, '2014-05-30', '13:31:44', 25000, 0),
(237, 'safari_lager', 'tbl_beer', 'cret', 31500, 27, '2014-05-30', '14:31:23', 32000, 31200),
(238, 'kilimanjaro', 'tbl_beer', 'cret', 31500, 2, '2014-05-30', '14:32:31', 32000, 31200),
(239, 'castle_lager', 'tbl_beer', 'cret', 34700, 0, '2014-05-30', '14:33:13', 35200, 31200),
(240, 'castle_lite', 'tbl_beer', 'cret', 31500, 1, '2014-05-30', '14:33:44', 32000, 31200),
(241, 'castle_milk', 'tbl_beer', 'cret', 34700, 4, '2014-05-30', '14:35:04', 35200, 0),
(242, 'ndovu', 'tbl_beer', 'cret', 31500, 0, '2014-05-30', '14:35:36', 32000, 31200),
(243, 'eagle', 'tbl_beer', 'cret', 29500, 2, '2014-05-30', '14:36:06', 30000, 0),
(244, 'bingwa', 'tbl_beer', 'cret', 31500, 0, '2014-05-30', '14:36:33', 32000, 0),
(245, 'redds_chupa', 'tbl_beer', 'cret', 31500, 11, '2014-05-30', '14:37:01', 32000, 0),
(246, 'serengeti', 'sbl_beer_whisky', 'cret', 31800, 444, '2014-05-30', '14:37:42', 32300, 0),
(247, 'tusker', 'sbl_beer_whisky', 'cret', 31800, 187, '2014-05-30', '14:38:19', 32300, 0),
(248, 'senator', 'sbl_beer_whisky', 'cret', 30000, 41, '2014-05-30', '14:38:44', 30500, 0),
(249, 'tusker_lite_', 'sbl_beer_whisky', 'cret', 40000, 33, '2014-05-30', '14:39:19', 40500, 0),
(250, 'sminof_beer', 'sbl_beer_whisky', 'cret', 60000, 8, '2014-05-30', '14:39:57', 60500, 0),
(251, 'serengeti_platnum', 'sbl_beer_whisky', 'cret', 31800, 27, '2014-05-30', '14:40:30', 32300, 0),
(252, 'guinness', 'sbl_beer_whisky', 'cret', 50000, 17, '2014-05-30', '14:41:20', 50500, 0),
(253, 'safari_can', 'tbl_beer', 'carton', 34300, 0, '2014-05-30', '14:42:39', 34500, 0),
(254, 'kilimanjaro_can', 'tbl_beer', 'carton', 34300, 2, '2014-05-30', '14:43:43', 34500, 0),
(255, 'redds_can', 'tbl_beer', 'carton', 38100, 11, '2014-05-30', '14:44:09', 38400, 37600),
(256, 'castle_can', 'tbl_beer', 'carton', 38100, 0, '2014-05-30', '14:44:44', 38400, 0),
(257, 'castle_lite_can', 'tbl_beer', 'carton', 34300, 2, '2014-05-30', '14:45:18', 34500, 0),
(258, 'grand_malta_can', 'tbl_beer', 'carton', 26500, 16.5, '2014-05-30', '14:46:05', 27000, 0),
(259, 'club 0.7_seven', 'tbl_beer', 'carton', 48000, 0, '2014-05-30', '14:46:35', 48000, 0),
(260, 'peron', 'tbl_beer', 'carton', 48000, 2, '2014-05-30', '14:47:11', 48000, 0),
(261, 'castle_dumpies', 'tbl_beer', 'carton', 38300, 0, '2014-05-30', '14:47:56', 38400, 0),
(262, 'safari_dumpies', 'tbl_beer', 'carton', 34300, 0, '2014-05-30', '14:48:29', 38400, 0),
(263, 'kilimanjaro_dumpies', 'tbl_beer', 'carton', 34300, 0, '2014-05-30', '14:49:00', 38400, 0),
(264, 'serengeti_caton', 'sbl_beer_whisky', 'carton', 31800, 68, '2014-05-30', '14:49:40', 32000, 31500),
(265, 'windhoek_druoght', 'non_alcohol', 'carton', 66000, 23.5, '2014-05-30', '14:50:44', 67000, 0),
(266, 'windhoek_s.africa', 'non_alcohol', 'carton', 51000, 0.5, '2014-05-30', '14:51:23', 52000, 0),
(267, 'windhoek_namibia', 'non_alcohol', 'carton', 56000, 430, '2014-05-30', '14:52:06', 56000, 0),
(268, 'heineken_s.africa', 'non_alcohol', 'carton', 51000, 49, '2014-05-30', '14:52:39', 52000, 0),
(269, 'heineken_holland', 'non_alcohol', 'carton', 56000, 69.5, '2014-05-30', '14:53:56', 60000, 0),
(270, 'bavaria_8.6_black', 'non_alcohol', 'carton', 51500, 3.5, '2014-05-30', '14:54:48', 53500, 0),
(271, 'bavaria_8.6_original', 'non_alcohol', 'carton', 51500, 71, '2014-05-30', '14:55:22', 53500, 0),
(272, 'alvaro', 'non_alcohol', 'carton', 35000, 0, '2014-05-30', '14:55:58', 35000, 0),
(273, 'bavaria_regular', 'non_alcohol', 'carton', 35000, 1340.5, '2014-05-30', '14:57:07', 36000, 0),
(274, 'bavaria_apple_can', 'non_alcohol', 'carton', 34000, 1461.5, '2014-05-30', '15:00:23', 35500, 0),
(275, 'bavaria_apple_bottle', 'non_alcohol', 'carton', 35000, 721.5, '2014-05-30', '15:01:09', 35500, 0),
(276, 'faxe', 'non_alcohol', 'carton', 31000, 36, '2014-05-30', '15:02:10', 31000, 0),
(277, 'red_bull', 'non_alcohol', 'carton', 47500, 290.5, '2014-05-30', '15:02:39', 48000, 0),
(278, 'baltica', 'non_alcohol', 'carton', 36000, 0, '2014-05-30', '15:03:25', 37000, 0),
(279, 'otop', 'non_alcohol', 'carton', 37500, 20, '2014-05-30', '15:04:24', 38000, 0),
(280, 'b.52', 'non_alcohol', 'carton', 35000, 0, '2014-05-30', '15:05:01', 36000, 0),
(281, 'power_malt', 'non_alcohol', 'carton', 36500, 11.5, '2014-05-30', '15:05:25', 37000, 0),
(282, 'savanah_box', 'non_alcohol', 'carton', 58000, 85, '2014-05-30', '15:10:40', 60000, 0),
(283, 'savanah', 'non_alcohol', 'carton', 52000, 213.5, '2014-05-30', '15:11:17', 54000, 0),
(284, 'penasol_red', '', 'carton', 0, 0, '2014-05-30', '15:11:51', 0, 0),
(285, 'penasol_white', '', 'carton', 0, 0, '2014-05-30', '15:12:31', 0, 0),
(286, 'drosthof_natural_sweet_750ml', 'tdl_bottle_wine', 'pc', 8000, 40, '2014-05-30', '15:16:09', 8500, 0),
(287, 'knights_750ml', 'tdl_konyagi', 'pc', 14000, 24, '2014-05-30', '15:17:02', 13500, 0),
(288, 'knights_200ml', 'tdl_konyagi', 'pc', 5500, 90, '2014-05-30', '15:17:35', 5000, 0),
(289, 'pushkin_200ml', '', 'pc', 0, 0, '2014-05-30', '15:18:12', 0, 0),
(290, 'zanzi chup_750ml', 'tdl_konyagi', 'pc', 15500, 284, '2014-05-30', '15:18:36', 15000, 0),
(291, 'zanzi_box 100ml', 'tdl_konyagi', 'pc', 16750, 0, '2014-05-31', '19:25:06', 18500, 0),
(292, 'nedurburg_red_baronns', 'tdl_bottle_wine', 'pc', 15500, 12, '2014-06-01', '16:38:35', 16000, 0),
(293, 'jim_beam_750ml', 'mh_whisky', 'pc', 21500, 8, '2014-06-01', '19:50:05', 22000, 0),
(294, 'sminof_200ml', 'sbl_beer_whisky', 'pc', 4700, 379, '2014-06-01', '20:58:50', 5000, 0),
(295, 'shark', 'non_alcohol', 'carton', 46000, 6, '2014-06-01', '21:12:24', 46000, 0),
(296, 'new_pallets', 'tbl_beer', '1pallt', 54516, 57, '2014-06-02', '09:12:26', 55516, 54516),
(297, 'c/w_bottle_500ml', 'tbl_beer', '1creet', 0, 2759, '2014-06-02', '09:14:43', 0, 0),
(298, 'c/w_bottle_375ml', 'tbl_beer', '1creet', 0, 2035, '2014-06-02', '09:15:57', 0, 0),
(299, 'teachers_d2', 'mh_whisky', 'pc', 23000, 1, '2014-06-01', '09:51:03', 23500, 0),
(300, 'skyd2', 'mh_whisky', 'pc', 23000, 1, '2014-06-01', '09:52:31', 23500, 0),
(301, 'gold_medal_750ml', 'mh_whisky', 'pc', 8000, 4, '2014-06-01', '09:54:25', 8500, 0),
(302, 'bells_200ml', 'sbl_beer_whisky', 'pc', 7500, 66, '2014-06-01', '09:55:25', 8000, 0),
(303, 'patron', 'mh_whisky', 'pc', 49000, 4, '2014-06-01', '10:02:22', 50000, 0),
(304, 'tot_measure', 'mh_whisky', 'pc', 11000, 10, '2014-06-01', '10:03:33', 11000, 0),
(305, 'ndovu_can', 'tbl_beer', 'cret', 34300, 5, '2014-06-01', '10:06:55', 34500, 32000),
(306, 'emp_creet', 'tbl_beer', 'creet', 11000, 4098, '2014-06-01', '10:15:38', 11000, 0),
(307, 'uro', 'tbl_beer', 'cret', 12500, 0, '2014-06-01', '10:18:58', 12500, 0),
(308, 'sbl_cret_empty', 'sbl_beer_whisky', 'creet', 8000, 1123, '2014-06-01', '10:20:49', 8000, 0),
(309, 'kasha_empty', 'tbl_beer', '1kasha', 5000, 4780, '2014-06-01', '10:22:24', 5000, 0),
(310, 'kasha_empty', 'sbl_beer_whisky', '1kasha', 4000, 18, '2014-06-01', '10:23:08', 4000, 0),
(311, 'smiinoff_750mls', 'sbl_beer_whisky', 'pc', 16000, 36, '2014-06-07', '21:08:20', 16500, 0),
(312, 'grand_malt_pet_330ml', 'tbl_beer', 'caton', 18000, 31, '2014-06-09', '10:31:30', 18000, 17200),
(313, 'robatson_chp_1.5l', 'mh_bottle_wine', 'pc', 15500, 3, '2014-06-11', '19:45:24', 16000, 0),
(314, 'camino_(tikile)', 'mh_bottle_wine', 'pc', 22500, 9, '2014-06-11', '19:51:16', 23000, 0),
(315, 'CONTOSA', 'SHAMPAGNE', 'PC', 16000, 12, '2014-06-13', '10:58:15', 16500, 15000),
(316, 'BEACH_HOUSE', 'SHAMPAGNE', 'PC', 11500, 10, '2014-06-13', '11:03:26', 12000, 9000),
(317, 'CINZANO_DOLCE', 'SHAMPAGNE', 'PC', 14500, 12, '2014-06-13', '11:05:39', 15000, 13500),
(318, 'MARTIN_PROSCCO', 'SHAMPAGNE', 'PC ', 24500, 12, '2014-06-13', '11:08:24', 25000, 22000),
(319, 'BARON_SENACRED_DRY', 'mh_bottle_wine', 'PC', 8000, 0, '2014-06-13', '11:15:20', 8500, 7000),
(320, 'BARON_SENAC_RED_SWEET', 'mh_bottle_wine', 'PC', 8500, 1, '2014-06-13', '11:35:46', 8000, 7000),
(321, 'BARON_CAPEL_RED_DRY__', 'mh_bottle_wine', 'PC', 8500, 0, '2014-06-13', '11:52:59', 8000, 7000),
(322, 'BARON_CAPEL_RED_SWEET', 'mh_bottle_wine', 'PC', 8000, 0, '2014-06-13', '12:24:50', 8500, 7000),
(323, 'ST._VINCENT', 'mh_bottle_wine', 'PC', 6833, 12, '2014-06-13', '12:29:10', 7500, 6500),
(324, 'tbl_emp', 'empty_creet_tbl', 'creet', 11000, 37, '2014-07-04', '17:22:23', 11000, 11000),
(325, 'a', 'tdl_konyagi', 'aa', 35, 4, '2014-07-29', '07:05:31', 24, 28);

-- --------------------------------------------------------

-- 
-- Table structure for table `debit`
-- 

CREATE TABLE `debit` (
  `id` int(10) NOT NULL auto_increment,
  `payment` double default NULL,
  `detail` varchar(200) default NULL,
  `date` date default NULL,
  `accname` int(11) default NULL,
  PRIMARY KEY  (`id`)
) ENGINE=InnoDB DEFAULT CHARSET=latin1 AUTO_INCREMENT=6 ;

-- 
-- Dumping data for table `debit`
-- 

INSERT INTO `debit` (`id`, `payment`, `detail`, `date`, `accname`) VALUES 
(1, 10000, 'vocha', '2014-07-24', 4),
(2, 10000, 'BALANCE', '2014-07-24', 48),
(3, 50000, 'BALANCE', '2014-07-24', 42),
(4, 10000, 'vocha', '2014-07-24', 48),
(5, 30000, 'vocha', '2014-08-03', 4);

-- --------------------------------------------------------

-- 
-- Table structure for table `product_sm`
-- 

CREATE TABLE `product_sm` (
  `id` int(20) NOT NULL auto_increment,
  `name` varchar(100) default NULL,
  `cost` int(20) default NULL,
  PRIMARY KEY  (`id`)
) ENGINE=InnoDB DEFAULT CHARSET=latin1 AUTO_INCREMENT=10 ;

-- 
-- Dumping data for table `product_sm`
-- 

INSERT INTO `product_sm` (`id`, `name`, `cost`) VALUES 
(1, 'kili_500ML', 340000),
(2, 'safari_500ML', 31200),
(3, 'reds', 20000),
(4, 'castle', 30000),
(5, 'lite', 30000),
(7, 'reds can', 200000),
(8, 'serengeti', 30000),
(9, 'banana', 30000);

-- --------------------------------------------------------

-- 
-- Table structure for table `rdby`
-- 

CREATE TABLE `rdby` (
  `id` int(11) NOT NULL auto_increment,
  `pid` int(11) default NULL,
  `cost` int(11) default NULL,
  `date` date default NULL,
  `paid` int(11) default NULL,
  `unpaid` int(19) default NULL,
  PRIMARY KEY  (`id`)
) ENGINE=InnoDB DEFAULT CHARSET=latin1 AUTO_INCREMENT=60 ;

-- 
-- Dumping data for table `rdby`
-- 

INSERT INTO `rdby` (`id`, `pid`, `cost`, `date`, `paid`, `unpaid`) VALUES 
(1, 0, 3642200, '2014-07-16', 200, 3642200),
(2, 110, 3642000, '2014-07-16', 2000, 3642000),
(3, 110, 3642000, '2014-07-16', 40000, 3640000),
(4, 110, 3600000, '2014-07-16', 600000, 3600000),
(5, 110, 3000000, '2014-07-16', 500000, 3000000),
(6, 723, 614971, '2014-07-16', 600000, 614971),
(7, 723, 14971, '2014-07-16', 70, 14971),
(8, 110, 2500000, '2014-07-16', 500000, 2500000),
(9, 110, 2000000, '2014-07-16', 500000, 0),
(10, 110, 1500000, '2014-07-16', 500000, 1500000),
(11, 406, 1594900, '2014-07-16', 900, 1594900),
(12, 406, 1594000, '2014-07-16', 4000, 1594000),
(13, 406, 1590000, '2014-07-16', 90000, 1500000),
(14, 406, 1500000, '2014-07-16', 500000, 1000000),
(15, 506, 367800, '2014-07-16', 3678000, -3310200),
(16, 506, -3310200, '2014-07-16', -3310200, 0),
(17, 827, 6300000, '2014-07-16', 6300000, 0),
(18, 1713, 220000, '2014-07-16', 20000, 200000),
(19, 1713, 200000, '2014-07-17', 100000, 100000),
(20, 1713, 200000, '2014-07-17', 20000, 180000),
(21, 1716, 451008, '2014-07-17', 200000, 251008),
(22, 1716, 251008, '2014-07-18', 200000, 51008),
(23, 1716, 51008, '2014-07-18', 51008, 0),
(24, 1719, 465500, '2014-07-18', 100000, 365500),
(25, 1480, 1246000, '2014-07-19', 246000, 1000000),
(26, 1480, 1000000, '2014-07-19', 600000, 400000),
(27, 1480, 400000, '2014-07-19', 400000, 0),
(28, 92, 100000, '2014-07-20', 100000, 0),
(29, 434, 381000, '2014-07-20', 381000, 0),
(30, 1721, 38500, '2014-07-21', 8500, 30000),
(31, 1729, 53168, '2014-07-21', 50000, 3168),
(32, 769, 900000, '2014-07-21', 900000, 0),
(33, 1729, 3168, '2014-07-21', 3168, 0),
(34, 1721, 30000, '2014-07-21', 30000, 0),
(35, 769, 83500, '2014-07-21', 83500, 0),
(36, 769, 36500, '2014-07-21', 36500, 0),
(37, 769, 1020000, '2014-07-21', 20000, 1000000),
(38, 769, 1020000, '2014-07-22', 100000, 920000),
(39, 769, 1020000, '2014-07-22', 100000, 920000),
(40, 769, 920000, '2014-07-22', 20000, 900000),
(41, 769, 900000, '2014-07-22', 783500, 116500),
(42, 769, 100000, '2014-07-22', 50000, 50000),
(43, 769, 50000, '2014-07-22', 20000, 30000),
(44, 1371, 3895000, '2014-07-22', 895000, 3000000),
(45, 2, 40000, '2014-07-24', 10000, 30000),
(46, 2, 0, '2014-07-25', 30000, -30000),
(47, 2, -30000, '2014-07-25', 30000, -60000),
(48, 2, -30000, '2014-07-25', -60000, 30000),
(49, 2, 0, '2014-07-25', 30000, -30000),
(50, 110, 2925700, '2014-07-31', 2000000, 925700),
(51, 110, 925700, '2014-07-31', 925700, 0),
(52, 290, 2040000, '2014-07-31', 2040000, 0),
(53, 316, 3183560, '2014-07-31', 3183560, 0),
(54, 316, 3183560, '2014-07-31', 3183560, 0),
(55, 2, 11500, '2014-07-31', 1500, 10000),
(56, 1720, 450000, '2014-07-31', 400500, 49500),
(57, 1720, 2400000, '2014-07-31', 1400000, 1000000),
(58, 216, 1000, '2014-07-31', 1000, 0),
(59, 7, 150000, '2014-07-31', 50000, 100000);

-- --------------------------------------------------------

-- 
-- Table structure for table `rdsell`
-- 

CREATE TABLE `rdsell` (
  `id` int(100) NOT NULL auto_increment,
  `pid` int(100) default NULL,
  `qt` float default NULL,
  `cst` int(100) default NULL,
  `custm` varchar(100) default NULL,
  `date` date default NULL,
  `time` time default NULL,
  `cashier` varchar(20) default NULL,
  `import` int(20) default NULL,
  `profit` int(20) default NULL,
  `product_from` varchar(100) default NULL,
  PRIMARY KEY  (`id`)
) ENGINE=InnoDB DEFAULT CHARSET=latin1 AUTO_INCREMENT=1697 ;

-- 
-- Dumping data for table `rdsell`
-- 

INSERT INTO `rdsell` (`id`, `pid`, `qt`, `cst`, `custm`, `date`, `time`, `cashier`, `import`, `profit`, `product_from`) VALUES 
(1, 70, 5, 57500, '1', '2014-07-23', '17:41:28', NULL, NULL, 0, NULL),
(2, 77, 2, 15000, '1', '2014-07-23', '17:41:28', NULL, NULL, 0, NULL),
(3, 114, 4, 29000, '1', '2014-07-23', '17:41:28', NULL, NULL, 0, NULL),
(4, 115, 4, 29000, '1', '2014-07-23', '17:41:28', NULL, NULL, 0, NULL),
(5, 121, 1, 6000, '2', '2014-07-24', '16:38:12', NULL, NULL, 0, NULL),
(6, 135, 5, 43750, '2', '2014-07-24', '16:38:12', NULL, NULL, 0, NULL),
(7, 90, 1, 11000, '3', '2014-07-25', '11:31:12', NULL, NULL, 0, NULL),
(8, 91, 2, 22000, '3', '2014-07-25', '11:31:12', NULL, NULL, 0, NULL),
(9, 319, 3, 24000, '3', '2014-07-25', '11:31:12', NULL, NULL, 0, NULL),
(10, 62, 1, 14500, '4', '2014-07-25', '11:33:14', NULL, NULL, 0, NULL),
(11, 92, 1, 11000, '4', '2014-07-25', '11:33:14', NULL, NULL, 0, NULL),
(12, 322, 1, 8000, '4', '2014-07-25', '11:33:14', NULL, NULL, 0, NULL),
(13, 89, 2, 22000, '5', '2014-07-25', '11:35:35', NULL, NULL, 0, NULL),
(14, 91, 22, 242000, '5', '2014-07-25', '11:35:35', NULL, NULL, 0, NULL),
(15, 321, 2, 17000, '5', '2014-07-25', '11:35:35', NULL, NULL, 0, NULL),
(16, 1, 1, 10167, '1712', '2014-07-27', '06:27:56', NULL, 4, 0, NULL),
(17, 1, NULL, NULL, NULL, '2014-07-28', '06:32:15', NULL, 10, NULL, 'tdl'),
(18, 1, 3, 30501, '1713', '2014-07-28', '06:33:34', NULL, NULL, 0, NULL),
(19, 1, 2, 20334, '1714', '2014-07-29', '06:34:28', NULL, NULL, 0, NULL),
(20, 325, NULL, NULL, NULL, '2014-07-29', '07:05:31', NULL, 4, NULL, ''),
(1286, 1, 0, NULL, NULL, '2014-06-01', NULL, NULL, 8, NULL, NULL),
(1287, 2, 0, NULL, NULL, '2014-06-01', NULL, NULL, 213, NULL, NULL),
(1288, 3, 0, NULL, NULL, '2014-06-01', NULL, NULL, 718, NULL, NULL),
(1289, 4, 0, NULL, NULL, '2014-06-01', NULL, NULL, 3740, NULL, NULL),
(1290, 5, 0, NULL, NULL, '2014-06-01', NULL, NULL, 0, NULL, NULL),
(1291, 6, 0, NULL, NULL, '2014-06-01', NULL, NULL, 158, NULL, NULL),
(1292, 7, 0, NULL, NULL, '2014-06-01', NULL, NULL, 20, NULL, NULL),
(1293, 8, 0, NULL, NULL, '2014-06-01', NULL, NULL, 104, NULL, NULL),
(1294, 9, 0, NULL, NULL, '2014-06-01', NULL, NULL, 11, NULL, NULL),
(1295, 10, 0, NULL, NULL, '2014-06-01', NULL, NULL, 767, NULL, NULL),
(1296, 11, 0, NULL, NULL, '2014-06-01', NULL, NULL, 293, NULL, NULL),
(1297, 12, 0, NULL, NULL, '2014-06-01', NULL, NULL, 9, NULL, NULL),
(1298, 13, 0, NULL, NULL, '2014-06-01', NULL, NULL, 22, NULL, NULL),
(1299, 14, 0, NULL, NULL, '2014-06-01', NULL, NULL, 23, NULL, NULL),
(1300, 15, 0, NULL, NULL, '2014-06-01', NULL, NULL, 4, NULL, NULL),
(1301, 16, 0, NULL, NULL, '2014-06-01', NULL, NULL, 2, NULL, NULL),
(1302, 17, 0, NULL, NULL, '2014-06-01', NULL, NULL, 79, NULL, NULL),
(1303, 18, 0, NULL, NULL, '2014-06-01', NULL, NULL, 1, NULL, NULL),
(1304, 19, 0, NULL, NULL, '2014-06-01', NULL, NULL, 4, NULL, NULL),
(1305, 20, 0, NULL, NULL, '2014-06-01', NULL, NULL, 2, NULL, NULL),
(1306, 21, 0, NULL, NULL, '2014-06-01', NULL, NULL, 1, NULL, NULL),
(1307, 22, 0, NULL, NULL, '2014-06-01', NULL, NULL, 27, NULL, NULL),
(1308, 23, 0, NULL, NULL, '2014-06-01', NULL, NULL, 1, NULL, NULL),
(1309, 24, 0, NULL, NULL, '2014-06-01', NULL, NULL, 129, NULL, NULL),
(1310, 25, 0, NULL, NULL, '2014-06-01', NULL, NULL, 112, NULL, NULL),
(1311, 26, 0, NULL, NULL, '2014-06-01', NULL, NULL, 2, NULL, NULL),
(1312, 27, 0, NULL, NULL, '2014-06-01', NULL, NULL, 6, NULL, NULL),
(1313, 28, 0, NULL, NULL, '2014-06-01', NULL, NULL, 14, NULL, NULL),
(1314, 29, 0, NULL, NULL, '2014-06-01', NULL, NULL, 11, NULL, NULL),
(1315, 30, 0, NULL, NULL, '2014-06-01', NULL, NULL, 4, NULL, NULL),
(1316, 31, 0, NULL, NULL, '2014-06-01', NULL, NULL, 3, NULL, NULL),
(1317, 32, 0, NULL, NULL, '2014-06-01', NULL, NULL, 5, NULL, NULL),
(1318, 33, 0, NULL, NULL, '2014-06-01', NULL, NULL, 27, NULL, NULL),
(1319, 34, 0, NULL, NULL, '2014-06-01', NULL, NULL, 25, NULL, NULL),
(1320, 35, 0, NULL, NULL, '2014-06-01', NULL, NULL, 0, NULL, NULL),
(1321, 36, 0, NULL, NULL, '2014-06-01', NULL, NULL, 6, NULL, NULL),
(1322, 37, 0, NULL, NULL, '2014-06-01', NULL, NULL, 9, NULL, NULL),
(1323, 38, 0, NULL, NULL, '2014-06-01', NULL, NULL, 4, NULL, NULL),
(1324, 39, 0, NULL, NULL, '2014-06-01', NULL, NULL, 41, NULL, NULL),
(1325, 40, 0, NULL, NULL, '2014-06-01', NULL, NULL, 25, NULL, NULL),
(1326, 41, 0, NULL, NULL, '2014-06-01', NULL, NULL, 14, NULL, NULL),
(1327, 42, 0, NULL, NULL, '2014-06-01', NULL, NULL, 2, NULL, NULL),
(1328, 43, 0, NULL, NULL, '2014-06-01', NULL, NULL, 99, NULL, NULL),
(1329, 44, 0, NULL, NULL, '2014-06-01', NULL, NULL, 38, NULL, NULL),
(1330, 45, 0, NULL, NULL, '2014-06-01', NULL, NULL, 177, NULL, NULL),
(1331, 46, 0, NULL, NULL, '2014-06-01', NULL, NULL, 574, NULL, NULL),
(1332, 47, 0, NULL, NULL, '2014-06-01', NULL, NULL, 10, NULL, NULL),
(1333, 48, 0, NULL, NULL, '2014-06-01', NULL, NULL, 6, NULL, NULL),
(1334, 49, 0, NULL, NULL, '2014-06-01', NULL, NULL, 1, NULL, NULL),
(1335, 50, 0, NULL, NULL, '2014-06-01', NULL, NULL, 1, NULL, NULL),
(1336, 51, 0, NULL, NULL, '2014-06-01', NULL, NULL, 4, NULL, NULL),
(1337, 52, 0, NULL, NULL, '2014-06-01', NULL, NULL, 4, NULL, NULL),
(1338, 53, 0, NULL, NULL, '2014-06-01', NULL, NULL, 363, NULL, NULL),
(1339, 54, 0, NULL, NULL, '2014-06-01', NULL, NULL, 238, NULL, NULL),
(1340, 55, 0, NULL, NULL, '2014-06-01', NULL, NULL, 36, NULL, NULL),
(1341, 56, 0, NULL, NULL, '2014-06-01', NULL, NULL, 115, NULL, NULL),
(1342, 57, 0, NULL, NULL, '2014-06-01', NULL, NULL, 325, NULL, NULL),
(1343, 58, 0, NULL, NULL, '2014-06-01', NULL, NULL, 333, NULL, NULL),
(1344, 59, 0, NULL, NULL, '2014-06-01', NULL, NULL, 83, NULL, NULL),
(1345, 60, 0, NULL, NULL, '2014-06-01', NULL, NULL, 8, NULL, NULL),
(1346, 61, 0, NULL, NULL, '2014-06-01', NULL, NULL, 9, NULL, NULL),
(1347, 62, 0, NULL, NULL, '2014-06-01', NULL, NULL, 16, NULL, NULL),
(1348, 63, 0, NULL, NULL, '2014-06-01', NULL, NULL, 11, NULL, NULL),
(1349, 64, 0, NULL, NULL, '2014-06-01', NULL, NULL, 10, NULL, NULL),
(1350, 65, 0, NULL, NULL, '2014-06-01', NULL, NULL, 44, NULL, NULL),
(1351, 66, 0, NULL, NULL, '2014-06-01', NULL, NULL, 22, NULL, NULL),
(1352, 67, 0, NULL, NULL, '2014-06-01', NULL, NULL, 51, NULL, NULL),
(1353, 68, 0, NULL, NULL, '2014-06-01', NULL, NULL, 135, NULL, NULL),
(1354, 69, 0, NULL, NULL, '2014-06-01', NULL, NULL, 64, NULL, NULL),
(1355, 70, 0, NULL, NULL, '2014-06-01', NULL, NULL, 76, NULL, NULL),
(1356, 71, 0, NULL, NULL, '2014-06-01', NULL, NULL, 34, NULL, NULL),
(1357, 72, 0, NULL, NULL, '2014-06-01', NULL, NULL, 0, NULL, NULL),
(1358, 73, 0, NULL, NULL, '2014-06-01', NULL, NULL, 2, NULL, NULL),
(1359, 74, 0, NULL, NULL, '2014-06-01', NULL, NULL, 0, NULL, NULL),
(1360, 75, 0, NULL, NULL, '2014-06-01', NULL, NULL, 3, NULL, NULL),
(1361, 76, 0, NULL, NULL, '2014-06-01', NULL, NULL, 37, NULL, NULL),
(1362, 77, 0, NULL, NULL, '2014-06-01', NULL, NULL, 0, NULL, NULL),
(1363, 78, 0, NULL, NULL, '2014-06-01', NULL, NULL, 2004, NULL, NULL),
(1364, 79, 0, NULL, NULL, '2014-06-01', NULL, NULL, 8, NULL, NULL),
(1365, 80, 0, NULL, NULL, '2014-06-01', NULL, NULL, 18, NULL, NULL),
(1366, 81, 0, NULL, NULL, '2014-06-01', NULL, NULL, 6, NULL, NULL),
(1367, 82, 0, NULL, NULL, '2014-06-01', NULL, NULL, 6, NULL, NULL),
(1368, 83, 0, NULL, NULL, '2014-06-01', NULL, NULL, 5, NULL, NULL),
(1369, 84, 0, NULL, NULL, '2014-06-01', NULL, NULL, 23, NULL, NULL),
(1370, 85, 0, NULL, NULL, '2014-06-01', NULL, NULL, 838, NULL, NULL),
(1371, 86, 0, NULL, NULL, '2014-06-01', NULL, NULL, 31, NULL, NULL),
(1372, 87, 0, NULL, NULL, '2014-06-01', NULL, NULL, 2, NULL, NULL),
(1373, 88, 0, NULL, NULL, '2014-06-01', NULL, NULL, 18, NULL, NULL),
(1374, 89, 0, NULL, NULL, '2014-06-01', NULL, NULL, 71, NULL, NULL),
(1375, 90, 0, NULL, NULL, '2014-06-01', NULL, NULL, 7, NULL, NULL),
(1376, 91, 0, NULL, NULL, '2014-06-01', NULL, NULL, 73, NULL, NULL),
(1377, 92, 0, NULL, NULL, '2014-06-01', NULL, NULL, 12, NULL, NULL),
(1378, 93, 0, NULL, NULL, '2014-06-01', NULL, NULL, 12, NULL, NULL),
(1379, 94, 0, NULL, NULL, '2014-06-01', NULL, NULL, 36, NULL, NULL),
(1380, 95, 0, NULL, NULL, '2014-06-01', NULL, NULL, 18, NULL, NULL),
(1381, 96, 0, NULL, NULL, '2014-06-01', NULL, NULL, 10, NULL, NULL),
(1382, 97, 0, NULL, NULL, '2014-06-01', NULL, NULL, 12, NULL, NULL),
(1383, 98, 0, NULL, NULL, '2014-06-01', NULL, NULL, 46, NULL, NULL),
(1384, 99, 0, NULL, NULL, '2014-06-01', NULL, NULL, 149, NULL, NULL),
(1385, 100, 0, NULL, NULL, '2014-06-01', NULL, NULL, 81, NULL, NULL),
(1386, 101, 0, NULL, NULL, '2014-06-01', NULL, NULL, 48, NULL, NULL),
(1387, 102, 0, NULL, NULL, '2014-06-01', NULL, NULL, 145, NULL, NULL),
(1388, 103, 0, NULL, NULL, '2014-06-01', NULL, NULL, 106, NULL, NULL),
(1389, 104, 0, NULL, NULL, '2014-06-01', NULL, NULL, 116, NULL, NULL),
(1390, 105, 0, NULL, NULL, '2014-06-01', NULL, NULL, 19, NULL, NULL),
(1391, 106, 0, NULL, NULL, '2014-06-01', NULL, NULL, 7, NULL, NULL),
(1392, 107, 0, NULL, NULL, '2014-06-01', NULL, NULL, 26, NULL, NULL),
(1393, 108, 0, NULL, NULL, '2014-06-01', NULL, NULL, 0, NULL, NULL),
(1394, 109, 0, NULL, NULL, '2014-06-01', NULL, NULL, 4, NULL, NULL),
(1395, 110, 0, NULL, NULL, '2014-06-01', NULL, NULL, 227, NULL, NULL),
(1396, 111, 0, NULL, NULL, '2014-06-01', NULL, NULL, 131, NULL, NULL),
(1397, 112, 0, NULL, NULL, '2014-06-01', NULL, NULL, 185, NULL, NULL),
(1398, 113, 0, NULL, NULL, '2014-06-01', NULL, NULL, 18, NULL, NULL),
(1399, 114, 0, NULL, NULL, '2014-06-01', NULL, NULL, 159, NULL, NULL),
(1400, 115, 0, NULL, NULL, '2014-06-01', NULL, NULL, 66, NULL, NULL),
(1401, 116, 0, NULL, NULL, '2014-06-01', NULL, NULL, 431, NULL, NULL),
(1402, 117, 0, NULL, NULL, '2014-06-01', NULL, NULL, 519, NULL, NULL),
(1403, 118, 0, NULL, NULL, '2014-06-01', NULL, NULL, 43, NULL, NULL),
(1404, 119, 0, NULL, NULL, '2014-06-01', NULL, NULL, 50, NULL, NULL),
(1405, 120, 0, NULL, NULL, '2014-06-01', NULL, NULL, 14, NULL, NULL),
(1406, 121, 0, NULL, NULL, '2014-06-01', NULL, NULL, 0, NULL, NULL),
(1407, 123, 0, NULL, NULL, '2014-06-01', NULL, NULL, 24, NULL, NULL),
(1408, 124, 0, NULL, NULL, '2014-06-01', NULL, NULL, 378, NULL, NULL),
(1409, 125, 0, NULL, NULL, '2014-06-01', NULL, NULL, 176, NULL, NULL),
(1410, 126, 0, NULL, NULL, '2014-06-01', NULL, NULL, 60, NULL, NULL),
(1411, 127, 0, NULL, NULL, '2014-06-01', NULL, NULL, 4280, NULL, NULL),
(1412, 128, 0, NULL, NULL, '2014-06-01', NULL, NULL, 1464, NULL, NULL),
(1413, 129, 0, NULL, NULL, '2014-06-01', NULL, NULL, 7826, NULL, NULL),
(1414, 130, 0, NULL, NULL, '2014-06-01', NULL, NULL, 0, NULL, NULL),
(1415, 131, 0, NULL, NULL, '2014-06-01', NULL, NULL, 108, NULL, NULL),
(1416, 132, 0, NULL, NULL, '2014-06-01', NULL, NULL, 151, NULL, NULL),
(1417, 133, 0, NULL, NULL, '2014-06-01', NULL, NULL, 53, NULL, NULL),
(1418, 134, 0, NULL, NULL, '2014-06-01', NULL, NULL, 366, NULL, NULL),
(1419, 135, 0, NULL, NULL, '2014-06-01', NULL, NULL, 38, NULL, NULL),
(1420, 136, 0, NULL, NULL, '2014-06-01', NULL, NULL, 101, NULL, NULL),
(1421, 137, 0, NULL, NULL, '2014-06-01', NULL, NULL, 35, NULL, NULL),
(1422, 138, 0, NULL, NULL, '2014-06-01', NULL, NULL, 129, NULL, NULL),
(1423, 139, 0, NULL, NULL, '2014-06-01', NULL, NULL, 559, NULL, NULL),
(1424, 140, 0, NULL, NULL, '2014-06-01', NULL, NULL, 851, NULL, NULL),
(1425, 141, 0, NULL, NULL, '2014-06-01', NULL, NULL, 10, NULL, NULL),
(1426, 142, 0, NULL, NULL, '2014-06-01', NULL, NULL, 32, NULL, NULL),
(1427, 143, 0, NULL, NULL, '2014-06-01', NULL, NULL, 21, NULL, NULL),
(1428, 144, 0, NULL, NULL, '2014-06-01', NULL, NULL, 23, NULL, NULL),
(1429, 145, 0, NULL, NULL, '2014-06-01', NULL, NULL, 11, NULL, NULL),
(1430, 146, 0, NULL, NULL, '2014-06-01', NULL, NULL, 74, NULL, NULL),
(1431, 147, 0, NULL, NULL, '2014-06-01', NULL, NULL, 11, NULL, NULL),
(1432, 149, 0, NULL, NULL, '2014-06-01', NULL, NULL, 7, NULL, NULL),
(1433, 150, 0, NULL, NULL, '2014-06-01', NULL, NULL, 46, NULL, NULL),
(1434, 151, 0, NULL, NULL, '2014-06-01', NULL, NULL, 0, NULL, NULL),
(1435, 152, 0, NULL, NULL, '2014-06-01', NULL, NULL, 105, NULL, NULL),
(1436, 153, 0, NULL, NULL, '2014-06-01', NULL, NULL, 186, NULL, NULL),
(1437, 154, 0, NULL, NULL, '2014-06-01', NULL, NULL, 33, NULL, NULL),
(1438, 155, 0, NULL, NULL, '2014-06-01', NULL, NULL, 12, NULL, NULL),
(1439, 156, 0, NULL, NULL, '2014-06-01', NULL, NULL, 26, NULL, NULL),
(1440, 157, 0, NULL, NULL, '2014-06-01', NULL, NULL, 12, NULL, NULL),
(1441, 158, 0, NULL, NULL, '2014-06-01', NULL, NULL, 58, NULL, NULL),
(1442, 159, 0, NULL, NULL, '2014-06-01', NULL, NULL, 66, NULL, NULL),
(1443, 160, 0, NULL, NULL, '2014-06-01', NULL, NULL, 9, NULL, NULL),
(1444, 161, 0, NULL, NULL, '2014-06-01', NULL, NULL, 48, NULL, NULL),
(1445, 162, 0, NULL, NULL, '2014-06-01', NULL, NULL, 4, NULL, NULL),
(1446, 163, 0, NULL, NULL, '2014-06-01', NULL, NULL, 44, NULL, NULL),
(1447, 164, 0, NULL, NULL, '2014-06-01', NULL, NULL, 19, NULL, NULL),
(1448, 165, 0, NULL, NULL, '2014-06-01', NULL, NULL, 0, NULL, NULL),
(1449, 166, 0, NULL, NULL, '2014-06-01', NULL, NULL, 9, NULL, NULL),
(1450, 167, 0, NULL, NULL, '2014-06-01', NULL, NULL, 34, NULL, NULL),
(1451, 168, 0, NULL, NULL, '2014-06-01', NULL, NULL, 14, NULL, NULL),
(1452, 169, 0, NULL, NULL, '2014-06-01', NULL, NULL, 21, NULL, NULL),
(1453, 170, 0, NULL, NULL, '2014-06-01', NULL, NULL, 46, NULL, NULL),
(1454, 171, 0, NULL, NULL, '2014-06-01', NULL, NULL, 45, NULL, NULL),
(1455, 172, 0, NULL, NULL, '2014-06-01', NULL, NULL, 54, NULL, NULL),
(1456, 173, 0, NULL, NULL, '2014-06-01', NULL, NULL, 55, NULL, NULL),
(1457, 174, 0, NULL, NULL, '2014-06-01', NULL, NULL, 7, NULL, NULL),
(1458, 175, 0, NULL, NULL, '2014-06-01', NULL, NULL, 12, NULL, NULL),
(1459, 176, 0, NULL, NULL, '2014-06-01', NULL, NULL, 0, NULL, NULL),
(1460, 177, 0, NULL, NULL, '2014-06-01', NULL, NULL, 14, NULL, NULL),
(1461, 178, 0, NULL, NULL, '2014-06-01', NULL, NULL, 17, NULL, NULL),
(1462, 179, 0, NULL, NULL, '2014-06-01', NULL, NULL, 0, NULL, NULL),
(1463, 180, 0, NULL, NULL, '2014-06-01', NULL, NULL, 27, NULL, NULL),
(1464, 181, 0, NULL, NULL, '2014-06-01', NULL, NULL, 2, NULL, NULL),
(1465, 182, 0, NULL, NULL, '2014-06-01', NULL, NULL, 2, NULL, NULL),
(1466, 183, 0, NULL, NULL, '2014-06-01', NULL, NULL, 23, NULL, NULL),
(1467, 184, 0, NULL, NULL, '2014-06-01', NULL, NULL, 10, NULL, NULL),
(1468, 185, 0, NULL, NULL, '2014-06-01', NULL, NULL, 11, NULL, NULL),
(1469, 186, 0, NULL, NULL, '2014-06-01', NULL, NULL, 3, NULL, NULL),
(1470, 187, 0, NULL, NULL, '2014-06-01', NULL, NULL, 9, NULL, NULL),
(1471, 188, 0, NULL, NULL, '2014-06-01', NULL, NULL, 2, NULL, NULL),
(1472, 189, 0, NULL, NULL, '2014-06-01', NULL, NULL, 1, NULL, NULL),
(1473, 190, 0, NULL, NULL, '2014-06-01', NULL, NULL, 2, NULL, NULL),
(1474, 191, 0, NULL, NULL, '2014-06-01', NULL, NULL, 57, NULL, NULL),
(1475, 192, 0, NULL, NULL, '2014-06-01', NULL, NULL, 74, NULL, NULL),
(1476, 193, 0, NULL, NULL, '2014-06-01', NULL, NULL, 31, NULL, NULL),
(1477, 194, 0, NULL, NULL, '2014-06-01', NULL, NULL, 10, NULL, NULL),
(1478, 195, 0, NULL, NULL, '2014-06-01', NULL, NULL, 4, NULL, NULL),
(1479, 196, 0, NULL, NULL, '2014-06-01', NULL, NULL, 3, NULL, NULL),
(1480, 197, 0, NULL, NULL, '2014-06-01', NULL, NULL, 16, NULL, NULL),
(1481, 198, 0, NULL, NULL, '2014-06-01', NULL, NULL, 22, NULL, NULL),
(1482, 199, 0, NULL, NULL, '2014-06-01', NULL, NULL, 142, NULL, NULL),
(1483, 200, 0, NULL, NULL, '2014-06-01', NULL, NULL, 99, NULL, NULL),
(1484, 201, 0, NULL, NULL, '2014-06-01', NULL, NULL, 61, NULL, NULL),
(1485, 202, 0, NULL, NULL, '2014-06-01', NULL, NULL, 46, NULL, NULL),
(1486, 203, 0, NULL, NULL, '2014-06-01', NULL, NULL, 15, NULL, NULL),
(1487, 204, 0, NULL, NULL, '2014-06-01', NULL, NULL, 60, NULL, NULL),
(1488, 205, 0, NULL, NULL, '2014-06-01', NULL, NULL, 12, NULL, NULL),
(1489, 206, 0, NULL, NULL, '2014-06-01', NULL, NULL, 174, NULL, NULL),
(1490, 207, 0, NULL, NULL, '2014-06-01', NULL, NULL, 2, NULL, NULL),
(1491, 208, 0, NULL, NULL, '2014-06-01', NULL, NULL, 18, NULL, NULL),
(1492, 209, 0, NULL, NULL, '2014-06-01', NULL, NULL, 3, NULL, NULL),
(1493, 210, 0, NULL, NULL, '2014-06-01', NULL, NULL, 0, NULL, NULL),
(1494, 211, 0, NULL, NULL, '2014-06-01', NULL, NULL, 52, NULL, NULL),
(1495, 212, 0, NULL, NULL, '2014-06-01', NULL, NULL, 10, NULL, NULL),
(1496, 213, 0, NULL, NULL, '2014-06-01', NULL, NULL, 262, NULL, NULL),
(1497, 214, 0, NULL, NULL, '2014-06-01', NULL, NULL, 248, NULL, NULL),
(1498, 215, 0, NULL, NULL, '2014-06-01', NULL, NULL, 34, NULL, NULL),
(1499, 216, 0, NULL, NULL, '2014-06-01', NULL, NULL, 47, NULL, NULL),
(1500, 217, 0, NULL, NULL, '2014-06-01', NULL, NULL, 51, NULL, NULL),
(1501, 218, 0, NULL, NULL, '2014-06-01', NULL, NULL, 5, NULL, NULL),
(1502, 219, 0, NULL, NULL, '2014-06-01', NULL, NULL, 10, NULL, NULL),
(1503, 220, 0, NULL, NULL, '2014-06-01', NULL, NULL, 11, NULL, NULL),
(1504, 221, 0, NULL, NULL, '2014-06-01', NULL, NULL, 0, NULL, NULL),
(1505, 222, 0, NULL, NULL, '2014-06-01', NULL, NULL, 20, NULL, NULL),
(1506, 223, 0, NULL, NULL, '2014-06-01', NULL, NULL, 63, NULL, NULL),
(1507, 227, 0, NULL, NULL, '2014-06-01', NULL, NULL, 9, NULL, NULL),
(1508, 228, 0, NULL, NULL, '2014-06-01', NULL, NULL, 5, NULL, NULL),
(1509, 229, 0, NULL, NULL, '2014-06-01', NULL, NULL, 2, NULL, NULL),
(1510, 230, 0, NULL, NULL, '2014-06-01', NULL, NULL, 12, NULL, NULL),
(1511, 231, 0, NULL, NULL, '2014-06-01', NULL, NULL, 136, NULL, NULL),
(1512, 232, 0, NULL, NULL, '2014-06-01', NULL, NULL, 281, NULL, NULL),
(1513, 233, 0, NULL, NULL, '2014-06-01', NULL, NULL, 536, NULL, NULL),
(1514, 234, 0, NULL, NULL, '2014-06-01', NULL, NULL, 236, NULL, NULL),
(1515, 236, 0, NULL, NULL, '2014-06-01', NULL, NULL, 19, NULL, NULL),
(1516, 237, 0, NULL, NULL, '2014-06-01', NULL, NULL, 27, NULL, NULL),
(1517, 238, 0, NULL, NULL, '2014-06-01', NULL, NULL, 2, NULL, NULL),
(1518, 239, 0, NULL, NULL, '2014-06-01', NULL, NULL, 0, NULL, NULL),
(1519, 240, 0, NULL, NULL, '2014-06-01', NULL, NULL, 1, NULL, NULL),
(1520, 241, 0, NULL, NULL, '2014-06-01', NULL, NULL, 4, NULL, NULL),
(1521, 242, 0, NULL, NULL, '2014-06-01', NULL, NULL, 0, NULL, NULL),
(1522, 243, 0, NULL, NULL, '2014-06-01', NULL, NULL, 2, NULL, NULL),
(1523, 244, 0, NULL, NULL, '2014-06-01', NULL, NULL, 0, NULL, NULL),
(1524, 245, 0, NULL, NULL, '2014-06-01', NULL, NULL, 11, NULL, NULL),
(1525, 246, 0, NULL, NULL, '2014-06-01', NULL, NULL, 444, NULL, NULL),
(1526, 247, 0, NULL, NULL, '2014-06-01', NULL, NULL, 187, NULL, NULL),
(1527, 248, 0, NULL, NULL, '2014-06-01', NULL, NULL, 41, NULL, NULL),
(1528, 249, 0, NULL, NULL, '2014-06-01', NULL, NULL, 33, NULL, NULL),
(1529, 250, 0, NULL, NULL, '2014-06-01', NULL, NULL, 8, NULL, NULL),
(1530, 251, 0, NULL, NULL, '2014-06-01', NULL, NULL, 27, NULL, NULL),
(1531, 252, 0, NULL, NULL, '2014-06-01', NULL, NULL, 17, NULL, NULL),
(1532, 253, 0, NULL, NULL, '2014-06-01', NULL, NULL, 0, NULL, NULL),
(1533, 254, 0, NULL, NULL, '2014-06-01', NULL, NULL, 2, NULL, NULL),
(1534, 255, 0, NULL, NULL, '2014-06-01', NULL, NULL, 11, NULL, NULL),
(1535, 256, 0, NULL, NULL, '2014-06-01', NULL, NULL, 0, NULL, NULL),
(1536, 257, 0, NULL, NULL, '2014-06-01', NULL, NULL, 2, NULL, NULL),
(1537, 258, 0, NULL, NULL, '2014-06-01', NULL, NULL, 17, NULL, NULL),
(1538, 259, 0, NULL, NULL, '2014-06-01', NULL, NULL, 0, NULL, NULL),
(1539, 260, 0, NULL, NULL, '2014-06-01', NULL, NULL, 2, NULL, NULL),
(1540, 261, 0, NULL, NULL, '2014-06-01', NULL, NULL, 0, NULL, NULL),
(1541, 262, 0, NULL, NULL, '2014-06-01', NULL, NULL, 0, NULL, NULL),
(1542, 263, 0, NULL, NULL, '2014-06-01', NULL, NULL, 0, NULL, NULL),
(1543, 264, 0, NULL, NULL, '2014-06-01', NULL, NULL, 68, NULL, NULL),
(1544, 265, 0, NULL, NULL, '2014-06-01', NULL, NULL, 24, NULL, NULL),
(1545, 266, 0, NULL, NULL, '2014-06-01', NULL, NULL, 1, NULL, NULL),
(1546, 267, 0, NULL, NULL, '2014-06-01', NULL, NULL, 430, NULL, NULL),
(1547, 268, 0, NULL, NULL, '2014-06-01', NULL, NULL, 49, NULL, NULL),
(1548, 269, 0, NULL, NULL, '2014-06-01', NULL, NULL, 70, NULL, NULL),
(1549, 270, 0, NULL, NULL, '2014-06-01', NULL, NULL, 4, NULL, NULL),
(1550, 271, 0, NULL, NULL, '2014-06-01', NULL, NULL, 71, NULL, NULL),
(1551, 272, 0, NULL, NULL, '2014-06-01', NULL, NULL, 1, NULL, NULL),
(1552, 273, 0, NULL, NULL, '2014-06-01', NULL, NULL, 1341, NULL, NULL),
(1553, 274, 0, NULL, NULL, '2014-06-01', NULL, NULL, 1462, NULL, NULL),
(1554, 275, 0, NULL, NULL, '2014-06-01', NULL, NULL, 722, NULL, NULL),
(1555, 276, 0, NULL, NULL, '2014-06-01', NULL, NULL, 36, NULL, NULL),
(1556, 277, 0, NULL, NULL, '2014-06-01', NULL, NULL, 291, NULL, NULL),
(1557, 278, 0, NULL, NULL, '2014-06-01', NULL, NULL, 0, NULL, NULL),
(1558, 279, 0, NULL, NULL, '2014-06-01', NULL, NULL, 20, NULL, NULL),
(1559, 280, 0, NULL, NULL, '2014-06-01', NULL, NULL, 1, NULL, NULL),
(1560, 281, 0, NULL, NULL, '2014-06-01', NULL, NULL, 12, NULL, NULL),
(1561, 282, 0, NULL, NULL, '2014-06-01', NULL, NULL, 85, NULL, NULL),
(1562, 283, 0, NULL, NULL, '2014-06-01', NULL, NULL, 214, NULL, NULL),
(1563, 286, 0, NULL, NULL, '2014-06-01', NULL, NULL, 40, NULL, NULL),
(1564, 287, 0, NULL, NULL, '2014-06-01', NULL, NULL, 24, NULL, NULL),
(1565, 288, 0, NULL, NULL, '2014-06-01', NULL, NULL, 90, NULL, NULL),
(1566, 290, 0, NULL, NULL, '2014-06-01', NULL, NULL, 284, NULL, NULL),
(1567, 291, 0, NULL, NULL, '2014-06-01', NULL, NULL, 0, NULL, NULL),
(1568, 292, 0, NULL, NULL, '2014-06-01', NULL, NULL, 12, NULL, NULL),
(1569, 293, 0, NULL, NULL, '2014-06-01', NULL, NULL, 8, NULL, NULL),
(1570, 294, 0, NULL, NULL, '2014-06-01', NULL, NULL, 379, NULL, NULL),
(1571, 295, 0, NULL, NULL, '2014-06-01', NULL, NULL, 6, NULL, NULL),
(1572, 296, 0, NULL, NULL, '2014-06-01', NULL, NULL, 57, NULL, NULL),
(1573, 297, 0, NULL, NULL, '2014-06-01', NULL, NULL, 2759, NULL, NULL),
(1574, 298, 0, NULL, NULL, '2014-06-01', NULL, NULL, 2035, NULL, NULL),
(1575, 299, 0, NULL, NULL, '2014-06-01', NULL, NULL, 1, NULL, NULL),
(1576, 300, 0, NULL, NULL, '2014-06-01', NULL, NULL, 1, NULL, NULL),
(1577, 301, 0, NULL, NULL, '2014-06-01', NULL, NULL, 4, NULL, NULL),
(1578, 302, 0, NULL, NULL, '2014-06-01', NULL, NULL, 67, NULL, NULL),
(1579, 303, 0, NULL, NULL, '2014-06-01', NULL, NULL, 4, NULL, NULL),
(1580, 304, 0, NULL, NULL, '2014-06-01', NULL, NULL, 10, NULL, NULL),
(1581, 305, 0, NULL, NULL, '2014-06-01', NULL, NULL, 5, NULL, NULL),
(1582, 306, 0, NULL, NULL, '2014-06-01', NULL, NULL, 4098, NULL, NULL),
(1583, 307, 0, NULL, NULL, '2014-06-01', NULL, NULL, 0, NULL, NULL),
(1584, 308, 0, NULL, NULL, '2014-06-01', NULL, NULL, 1123, NULL, NULL),
(1585, 309, 0, NULL, NULL, '2014-06-01', NULL, NULL, 4780, NULL, NULL),
(1586, 310, 0, NULL, NULL, '2014-06-01', NULL, NULL, 18, NULL, NULL),
(1587, 311, 0, NULL, NULL, '2014-06-01', NULL, NULL, 36, NULL, NULL),
(1588, 312, 0, NULL, NULL, '2014-06-01', NULL, NULL, 31, NULL, NULL),
(1589, 313, 0, NULL, NULL, '2014-06-01', NULL, NULL, 3, NULL, NULL),
(1590, 314, 0, NULL, NULL, '2014-06-01', NULL, NULL, 9, NULL, NULL),
(1591, 315, 0, NULL, NULL, '2014-06-01', NULL, NULL, 12, NULL, NULL),
(1592, 316, 0, NULL, NULL, '2014-06-01', NULL, NULL, 12, NULL, NULL),
(1593, 317, 0, NULL, NULL, '2014-06-01', NULL, NULL, 12, NULL, NULL),
(1594, 318, 0, NULL, NULL, '2014-06-01', NULL, NULL, 12, NULL, NULL),
(1595, 319, 0, NULL, NULL, '2014-06-01', NULL, NULL, 0, NULL, NULL),
(1596, 320, 0, NULL, NULL, '2014-06-01', NULL, NULL, 5, NULL, NULL),
(1597, 321, 0, NULL, NULL, '2014-06-01', NULL, NULL, 1, NULL, NULL),
(1598, 322, 0, NULL, NULL, '2014-06-01', NULL, NULL, 1, NULL, NULL),
(1599, 323, 0, NULL, NULL, '2014-06-01', NULL, NULL, 12, NULL, NULL),
(1600, 324, 0, NULL, NULL, '2014-06-01', NULL, NULL, 46, NULL, NULL),
(1601, 325, 0, NULL, NULL, '2014-06-01', NULL, NULL, 4, NULL, NULL),
(1602, 1, 4, 40668, '1715', '2014-07-29', '08:51:15', NULL, NULL, 0, NULL),
(1603, 124, 0, 0, '1716', '2014-07-30', '12:27:57', NULL, NULL, 0, NULL),
(1604, 127, 0, 0, '1716', '2014-07-30', '12:27:57', NULL, NULL, 0, NULL),
(1605, 133, 0, 0, '1716', '2014-07-30', '12:27:57', NULL, NULL, 0, NULL),
(1606, 134, 0, 0, '1716', '2014-07-30', '12:27:57', NULL, NULL, 0, NULL),
(1607, 135, 0, 0, '1716', '2014-07-30', '12:27:58', NULL, NULL, 0, NULL),
(1608, 124, 2, 9334, '1717', '2014-07-30', '12:32:21', NULL, NULL, 0, NULL),
(1609, 127, 3, 13251, '1717', '2014-07-30', '12:32:22', NULL, NULL, 0, NULL),
(1610, 128, 2, 14000, '1717', '2014-07-30', '12:32:22', NULL, NULL, 0, NULL),
(1611, 132, 4, 17668, '1717', '2014-07-30', '12:32:22', NULL, NULL, 0, NULL),
(1612, 133, 2, 8834, '1717', '2014-07-30', '12:32:22', NULL, NULL, 0, NULL),
(1613, 135, 1, 8750, '1717', '2014-07-30', '12:32:22', NULL, NULL, 0, NULL),
(1614, 124, 0, 0, '1718', '2014-07-30', '12:35:06', NULL, NULL, 0, NULL),
(1615, 127, 0, 0, '1718', '2014-07-30', '12:35:06', NULL, NULL, 0, NULL),
(1616, 128, 0, 0, '1718', '2014-07-30', '12:35:06', NULL, NULL, 0, NULL),
(1617, 132, 0, 0, '1718', '2014-07-30', '12:35:06', NULL, NULL, 0, NULL),
(1618, 133, 0, 0, '1718', '2014-07-30', '12:35:06', NULL, NULL, 0, NULL),
(1619, 135, 0, 0, '1718', '2014-07-30', '12:35:06', NULL, NULL, 0, NULL),
(1620, 89, 1, 11000, '1719', '2014-07-30', '13:53:02', NULL, NULL, 0, NULL),
(1621, 90, 2, 22000, '1719', '2014-07-30', '13:53:02', NULL, NULL, 0, NULL),
(1622, 320, 4, 34000, '1719', '2014-07-30', '13:53:02', NULL, NULL, 0, NULL),
(1623, 324, 4, 44000, '1719', '2014-07-30', '13:53:02', NULL, NULL, 0, NULL),
(1624, 124, 0, 0, '1720', '2014-07-31', '05:33:26', NULL, NULL, 0, NULL),
(1625, 127, 0, 0, '1720', '2014-07-31', '05:33:26', NULL, NULL, 0, NULL),
(1626, 128, 0, 0, '1720', '2014-07-31', '05:33:26', NULL, NULL, 0, NULL),
(1627, 132, 0, 0, '1720', '2014-07-31', '05:33:26', NULL, NULL, 0, NULL),
(1628, 133, 0, 0, '1720', '2014-07-31', '05:33:26', NULL, NULL, 0, NULL),
(1629, 21, 0, 0, '1721', '2014-07-31', '05:42:32', NULL, NULL, 0, NULL),
(1630, 75, 0, 0, '1721', '2014-07-31', '05:42:32', NULL, NULL, 0, NULL),
(1631, 103, 0, 0, '1721', '2014-07-31', '05:42:33', NULL, NULL, 0, NULL),
(1632, 104, 0, 0, '1721', '2014-07-31', '05:42:33', NULL, NULL, 0, NULL),
(1633, 89, 0, 0, '1722', '2014-07-31', '05:50:26', NULL, NULL, 0, NULL),
(1634, 208, 0, 0, '1722', '2014-07-31', '05:50:26', NULL, NULL, 0, NULL),
(1635, 302, 0, 0, '1722', '2014-07-31', '05:50:26', NULL, NULL, 0, NULL),
(1636, 270, 0, 0, '1723', '2014-07-31', '05:51:05', NULL, NULL, 0, NULL),
(1637, 271, 0, 0, '1723', '2014-07-31', '05:51:05', NULL, NULL, 0, NULL),
(1638, 149, 0, 0, '1724', '2014-07-31', '06:03:32', NULL, NULL, 0, NULL),
(1639, 211, 0, 0, '1724', '2014-07-31', '06:03:32', NULL, NULL, 0, NULL),
(1640, 212, 0, 0, '1724', '2014-07-31', '06:03:32', NULL, NULL, 0, NULL),
(1641, 124, 0, 0, '1725', '2014-07-31', '06:04:50', NULL, NULL, 0, NULL),
(1642, 89, 0, 0, '1726', '2014-07-31', '08:04:19', NULL, NULL, 0, NULL),
(1643, 90, 0, 0, '1726', '2014-07-31', '08:04:19', NULL, NULL, 0, NULL),
(1644, 321, 1, 8500, '1726', '2014-07-31', '08:04:19', NULL, NULL, 0, NULL),
(1645, 322, 1, 8000, '1726', '2014-07-31', '08:04:19', NULL, NULL, 0, NULL),
(1646, 14, 2, 23000, '1727', '2014-07-31', '08:31:14', NULL, NULL, 0, NULL),
(1647, 23, 1, 11500, '1727', '2014-07-31', '08:31:15', NULL, NULL, 0, NULL),
(1648, 316, 2, 23000, '1727', '2014-07-31', '08:31:15', NULL, NULL, 0, NULL),
(1649, 149, 1, 8000, '1728', '2014-07-31', '08:53:18', NULL, NULL, 0, NULL),
(1650, 174, 1, 25500, '1728', '2014-07-31', '08:53:18', NULL, NULL, 0, NULL),
(1651, 175, 1, 22500, '1728', '2014-07-31', '08:53:19', NULL, NULL, 0, NULL),
(1652, 211, 1, 24000, '1728', '2014-07-31', '08:53:19', NULL, NULL, 0, NULL),
(1653, 212, 1, 24000, '1728', '2014-07-31', '08:53:19', NULL, NULL, 0, NULL),
(1654, 114, 0, 0, '1729', '2014-08-02', '04:42:41', NULL, NULL, 0, NULL),
(1655, 215, 1, 6000, '1729', '2014-08-02', '04:42:42', NULL, NULL, 0, NULL),
(1656, 272, 1, 35000, '1729', '2014-08-02', '04:42:42', NULL, NULL, 0, NULL),
(1657, 325, 0, 0, '1729', '2014-08-02', '04:42:42', NULL, NULL, 0, NULL),
(1659, 149, 6, 48000, '1731', '2014-08-02', '07:32:30', NULL, NULL, 0, NULL),
(1660, 210, 0, 0, '1731', '2014-08-02', '07:32:30', NULL, NULL, 0, NULL),
(1661, 221, 0, 0, '1731', '2014-08-02', '07:32:30', NULL, NULL, 0, NULL),
(1662, 149, 0, 0, '1732', '2014-08-02', '07:36:27', NULL, NULL, 0, NULL),
(1663, 174, 6, 153000, '1732', '2014-08-02', '07:36:28', NULL, NULL, 0, NULL),
(1664, 182, 2, 45000, '1732', '2014-08-02', '07:36:28', NULL, NULL, 0, NULL),
(1665, 210, 0, 0, '1732', '2014-08-02', '07:36:28', NULL, NULL, 0, NULL),
(1666, 211, 4, 96000, '1732', '2014-08-02', '07:36:28', NULL, NULL, 0, NULL),
(1667, 212, 9, 216000, '1732', '2014-08-02', '07:36:28', NULL, NULL, 0, NULL),
(1668, 221, 0, 0, '1732', '2014-08-02', '07:36:28', NULL, NULL, 0, NULL),
(1669, 121, 0, 0, '1733', '2014-08-02', '07:38:52', NULL, NULL, 0, NULL),
(1670, 124, 3, 14001, '1733', '2014-08-02', '07:38:52', NULL, NULL, 0, NULL),
(1671, 127, 1, 4417, '1733', '2014-08-02', '07:38:52', NULL, NULL, 0, NULL),
(1672, 135, 2, 17500, '1733', '2014-08-02', '07:38:52', NULL, NULL, 0, NULL),
(1673, 324, 4, 44000, '1735', '2014-08-02', '07:42:51', NULL, NULL, 0, NULL),
(1674, 72, 0, 0, '1736', '2014-08-02', '07:44:24', NULL, NULL, 0, NULL),
(1675, 73, 2, 22000, '1736', '2014-08-02', '07:44:24', NULL, NULL, 0, NULL),
(1676, 74, 0, 0, '1736', '2014-08-02', '07:44:24', NULL, NULL, 0, NULL),
(1677, 114, 6, 43500, '1736', '2014-08-02', '07:44:24', NULL, NULL, 0, NULL),
(1678, 272, 0, 0, '1737', '2014-08-02', '07:48:06', NULL, NULL, 0, NULL),
(1679, 278, 0, 0, '1737', '2014-08-02', '07:48:06', NULL, NULL, 0, NULL),
(1680, 280, 1, 35000, '1737', '2014-08-02', '07:48:06', NULL, NULL, 0, NULL),
(1681, 176, 0, 0, '1738', '2014-08-03', '08:44:39', NULL, NULL, 1000, NULL),
(1682, 302, 1, 7000, '1738', '2014-08-03', '08:44:39', NULL, NULL, 500, NULL),
(1683, 146, 3, 15000, '1739', '2014-08-03', '08:54:24', NULL, NULL, 500, NULL),
(1684, 272, 0, 0, '1739', '2014-08-03', '08:54:24', NULL, NULL, 0, NULL),
(1685, 280, 0, 0, '1739', '2014-08-03', '08:54:24', NULL, NULL, 0, NULL),
(1686, 121, 0, 0, '1740', '2014-08-03', '08:59:47', NULL, NULL, 0, NULL),
(1687, 124, 5, 23335, '1740', '2014-08-03', '08:59:47', NULL, NULL, 0, NULL),
(1688, 127, 3, 13251, '1740', '2014-08-03', '08:59:47', NULL, NULL, 0, NULL),
(1689, 126, 3, 13251, '1741', '2014-08-03', '09:04:42', NULL, NULL, 0, NULL),
(1690, 70, NULL, NULL, NULL, '2014-08-03', '13:53:53', NULL, 300, NULL, 'tbl'),
(1691, 71, NULL, NULL, NULL, '2014-08-03', '13:53:53', NULL, 400, NULL, 'tbl'),
(1692, 72, NULL, NULL, NULL, '2014-08-03', '13:53:53', NULL, 50, NULL, 'tbl'),
(1693, 73, NULL, NULL, NULL, '2014-08-03', '13:53:53', NULL, 25, NULL, 'tbl'),
(1694, 74, NULL, NULL, NULL, '2014-08-03', '13:53:54', NULL, 200, NULL, 'tdl'),
(1695, 76, NULL, NULL, NULL, '2014-08-03', '13:53:54', NULL, 20, NULL, 'tdl'),
(1696, 77, NULL, NULL, NULL, '2014-08-03', '13:53:54', NULL, 30, NULL, 'tdl');

-- --------------------------------------------------------

-- 
-- Table structure for table `record_sm`
-- 

CREATE TABLE `record_sm` (
  `id` int(11) NOT NULL auto_increment,
  `idsalesman` int(11) default NULL,
  `idcustomer` int(11) default NULL,
  `idproduct` int(11) default NULL,
  `qt` int(11) default NULL,
  `cost` int(11) default NULL,
  `date` date default NULL,
  `paid` int(11) default NULL,
  `reloaded` int(11) default NULL,
  PRIMARY KEY  (`id`)
) ENGINE=InnoDB DEFAULT CHARSET=latin1 AUTO_INCREMENT=248 ;

-- 
-- Dumping data for table `record_sm`
-- 

INSERT INTO `record_sm` (`id`, `idsalesman`, `idcustomer`, `idproduct`, `qt`, `cost`, `date`, `paid`, `reloaded`) VALUES 
(1, 1, 1, 1, 1, 340000, '2014-07-25', 40000, 30),
(2, 1, 1, 2, 1, 31200, '2014-07-25', NULL, NULL),
(3, 1, 1, 3, 1, 20000, '2014-07-25', NULL, NULL),
(4, 1, 1, 4, 1, 30000, '2014-07-25', NULL, NULL),
(5, 1, 1, 5, 1, 30000, '2014-07-25', NULL, NULL),
(6, 1, 1, 7, 1, 200000, '2014-07-25', NULL, NULL),
(7, 1, 1, 8, 1, 30000, '2014-07-25', NULL, NULL),
(8, 1, 3, 1, 10, 3400000, '2014-07-25', NULL, NULL),
(9, 1, 3, 2, 40, 1248000, '2014-07-25', NULL, NULL),
(10, 1, 3, 3, 5, 100000, '2014-07-25', NULL, NULL),
(11, 1, 3, 4, 6, 180000, '2014-07-25', NULL, NULL),
(12, 1, 3, 5, 78, 2340000, '2014-07-25', NULL, NULL),
(13, 1, 3, 7, 54, 10800000, '2014-07-25', NULL, NULL),
(14, 1, 3, 8, 56, 1680000, '2014-07-25', NULL, NULL),
(15, 1, 1, 1, 4, 1360000, '2014-07-25', NULL, NULL),
(16, 1, 1, 2, 23, 717600, '2014-07-24', NULL, 30),
(17, 1, 1, 3, 3, 60000, '2014-07-24', NULL, 30),
(18, 1, 1, 4, 3, 90000, '2014-07-24', NULL, 30),
(19, 1, 1, 5, 34, 1020000, '2014-07-24', NULL, 30),
(20, 1, 1, 7, 4, 800000, '2014-07-24', NULL, 30),
(21, 1, 1, 8, 4, 120000, '2014-07-24', NULL, 30),
(22, 1, 2, 1, 25, 8500000, '2014-07-25', NULL, NULL),
(23, 1, 2, 2, 13, 405600, '2014-07-25', NULL, NULL),
(24, 1, 2, 3, 23, 460000, '2014-07-25', NULL, NULL),
(25, 1, 2, 4, 546, 16380000, '2014-07-25', NULL, NULL),
(26, 1, 2, 5, 65, 1950000, '2014-07-25', NULL, NULL),
(27, 1, 2, 7, 32, 6400000, '2014-07-25', NULL, NULL),
(28, 1, 2, 8, 1, 30000, '2014-07-25', NULL, NULL),
(33, 1, 0, 5, 0, 0, '2014-07-25', NULL, NULL),
(34, 1, 0, 7, 0, 0, '2014-07-25', NULL, NULL),
(35, 1, 0, 8, 0, 0, '2014-07-25', NULL, NULL),
(36, 1, 0, 1, 0, 0, '2014-07-25', NULL, NULL),
(37, 1, 0, 2, 0, 0, '2014-07-25', NULL, NULL),
(38, 1, 0, 3, 0, 0, '2014-07-25', NULL, NULL),
(39, 1, 0, 4, 0, 0, '2014-07-25', NULL, NULL),
(40, 1, 0, 5, 0, 0, '2014-07-25', NULL, NULL),
(41, 1, 0, 7, 0, 0, '2014-07-25', NULL, NULL),
(42, 1, 0, 8, 0, 0, '2014-07-25', NULL, NULL),
(43, 1, 5, 1, 1, 340000, '2014-07-25', NULL, NULL),
(44, 1, 5, 2, 0, 0, '2014-07-25', NULL, NULL),
(45, 1, 5, 3, 0, 0, '2014-07-25', NULL, NULL),
(46, 1, 5, 4, 0, 0, '2014-07-25', NULL, NULL),
(47, 1, 5, 5, 0, 0, '2014-07-25', NULL, NULL),
(48, 1, 5, 7, 0, 0, '2014-07-25', NULL, NULL),
(49, 1, 5, 8, 0, 0, '2014-07-25', NULL, NULL),
(50, 1, 5, 1, 0, 0, '2014-07-25', NULL, NULL),
(51, 1, 5, 2, 4, 124800, '2014-07-25', NULL, NULL),
(52, 1, 5, 3, 0, 0, '2014-07-25', NULL, NULL),
(53, 1, 5, 4, 0, 0, '2014-07-25', NULL, NULL),
(54, 1, 5, 5, 0, 0, '2014-07-25', NULL, NULL),
(55, 1, 5, 7, 0, 0, '2014-07-25', NULL, NULL),
(56, 1, 5, 8, 0, 0, '2014-07-25', NULL, NULL),
(57, 2, 5, 1, 25, 8500000, '2014-07-25', NULL, NULL),
(58, 2, 5, 2, 0, 0, '2014-07-25', NULL, NULL),
(59, 2, 5, 3, 0, 0, '2014-07-25', NULL, NULL),
(60, 2, 5, 4, 0, 0, '2014-07-25', NULL, NULL),
(61, 2, 5, 5, 0, 0, '2014-07-25', NULL, NULL),
(62, 2, 5, 7, 0, 0, '2014-07-25', NULL, NULL),
(63, 2, 5, 8, 0, 0, '2014-07-25', NULL, NULL),
(64, 3, 3, 1, 25, 8500000, '2014-07-25', NULL, NULL),
(65, 3, 3, 2, 20, 624000, '2014-07-25', NULL, NULL),
(66, 3, 3, 3, 0, 0, '2014-07-25', NULL, NULL),
(67, 3, 3, 4, 20, 600000, '2014-07-25', NULL, NULL),
(68, 3, 3, 5, 1, 30000, '2014-07-25', NULL, NULL),
(69, 3, 3, 7, 4, 800000, '2014-07-25', NULL, NULL),
(70, 3, 3, 8, 6, 180000, '2014-07-25', NULL, NULL),
(71, 5, 2, 1, 25, 8500000, '2014-07-25', NULL, NULL),
(72, 5, 2, 2, 13, 405600, '2014-07-25', NULL, NULL),
(73, 5, 2, 3, 23, 460000, '2014-07-25', NULL, NULL),
(74, 5, 2, 4, 20, 600000, '2014-07-25', NULL, NULL),
(75, 5, 2, 5, 3, 90000, '2014-07-25', NULL, NULL),
(76, 5, 2, 7, 32, 6400000, '2014-07-25', NULL, NULL),
(77, 5, 2, 8, 1, 30000, '2014-07-25', NULL, NULL),
(78, 1, 5, 1, 0, 0, '2014-07-28', NULL, NULL),
(79, 1, 5, 2, 0, 0, '2014-07-28', NULL, NULL),
(80, 1, 5, 3, 0, 0, '2014-07-28', NULL, NULL),
(81, 1, 5, 4, 0, 0, '2014-07-28', NULL, NULL),
(82, 1, 5, 5, 0, 0, '2014-07-28', NULL, NULL),
(83, 1, 5, 7, 0, 0, '2014-07-28', NULL, NULL),
(84, 1, 5, 8, 0, 0, '2014-07-28', NULL, NULL),
(85, 1, 5, 1, 10, 3400000, '2014-07-30', NULL, NULL),
(86, 1, 5, 2, 6, 187200, '2014-07-30', NULL, NULL),
(87, 1, 5, 3, 8, 160000, '2014-07-30', NULL, NULL),
(88, 1, 5, 4, 4, 120000, '2014-07-30', NULL, NULL),
(89, 1, 5, 5, 5, 150000, '2014-07-30', NULL, NULL),
(90, 1, 5, 7, 5, 1000000, '2014-07-30', NULL, NULL),
(91, 1, 5, 8, 8, 240000, '2014-07-30', NULL, NULL),
(92, 1, 1, 1, 10, 3400000, '2014-07-30', 0, NULL),
(93, 1, 1, 2, 6, 187200, '2014-07-30', 0, NULL),
(94, 1, 1, 3, 8, 160000, '2014-07-30', 0, NULL),
(95, 1, 1, 4, 4, 120000, '2014-07-30', 0, NULL),
(96, 1, 1, 5, 5, 150000, '2014-07-30', 0, NULL),
(97, 1, 1, 7, 5, 1000000, '2014-07-30', 0, NULL),
(98, 1, 1, 8, 8, 240000, '2014-07-30', 0, NULL),
(99, 1, 5, 1, 5, 1700000, '2014-07-30', 0, NULL),
(100, 1, 5, 2, 5, 156000, '2014-07-30', 0, NULL),
(101, 1, 5, 3, 8, 160000, '2014-07-30', 0, NULL),
(102, 1, 5, 4, 4, 120000, '2014-07-30', 0, NULL),
(103, 1, 5, 5, 5, 150000, '2014-07-30', 0, NULL),
(104, 1, 5, 7, 3, 600000, '2014-07-30', 0, NULL),
(105, 1, 5, 8, 45, 1350000, '2014-07-30', 0, NULL),
(106, 1, 4, 1, 4, 1360000, '2014-07-30', 0, NULL),
(107, 1, 4, 2, 6, 187200, '2014-07-30', 0, NULL),
(108, 1, 4, 3, 8, 160000, '2014-07-30', 0, NULL),
(109, 1, 4, 4, 4, 120000, '2014-07-30', 0, NULL),
(110, 1, 4, 5, 5, 150000, '2014-07-30', 0, NULL),
(111, 1, 4, 7, 5, 1000000, '2014-07-30', 0, NULL),
(112, 1, 4, 8, 45, 1350000, '2014-07-30', 0, NULL),
(113, 1, 1, 1, 10, 3400000, '2014-07-31', 400000, NULL),
(114, 1, 1, 2, 10, 312000, '2014-07-31', 0, NULL),
(115, 1, 1, 3, 10, 200000, '2014-07-31', 0, NULL),
(116, 1, 1, 4, 10, 300000, '2014-07-31', 0, NULL),
(117, 1, 1, 5, 10, 300000, '2014-07-31', 0, NULL),
(118, 1, 1, 7, 10, 2000000, '2014-07-31', 0, NULL),
(119, 1, 1, 8, 10, 300000, '2014-07-31', 0, NULL),
(120, 1, 1, NULL, NULL, NULL, '2014-07-31', 10000, NULL),
(121, 1, 1, NULL, NULL, NULL, '2014-07-31', 10000, NULL),
(122, 1, 1, NULL, NULL, NULL, '2014-07-31', 5000, NULL),
(123, 1, 5, 1, 10, 3400000, '2014-07-31', 0, NULL),
(124, 1, 5, 2, 2, 62400, '2014-07-31', 0, NULL),
(125, 1, 5, 3, 3, 60000, '2014-07-31', 0, NULL),
(126, 1, 5, 4, 3, 90000, '2014-07-31', 0, NULL),
(127, 1, 5, 5, 2, 60000, '2014-07-31', 0, NULL),
(128, 1, 5, 7, 3, 600000, '2014-07-31', 0, NULL),
(129, 1, 5, 8, 3, 90000, '2014-07-31', 0, NULL),
(130, 1, 5, NULL, NULL, NULL, '2014-07-31', 10000, NULL),
(131, 1, 5, NULL, NULL, NULL, '2014-07-31', 50000, NULL),
(132, 1, 5, NULL, NULL, NULL, '2014-07-31', 5000, NULL),
(133, 1, 5, NULL, NULL, NULL, '2014-07-31', 1000, NULL),
(134, 1, 5, NULL, NULL, NULL, '2014-07-31', 10000, NULL),
(135, 1, 2, NULL, NULL, NULL, '2014-07-25', 2001200, NULL),
(136, 1, 1, NULL, NULL, NULL, '2014-07-25', 2041200, NULL),
(137, 1, 1, NULL, NULL, NULL, '2014-07-25', -40000, NULL),
(138, 1, 0, 1, 0, 0, '2014-07-31', 0, 10),
(139, 1, 0, 2, 0, 0, '2014-07-31', 0, 10),
(140, 1, 0, 3, 0, 0, '2014-07-31', 0, 0),
(141, 1, 0, 4, 0, 0, '2014-07-31', 0, 0),
(142, 1, 0, 5, 0, 0, '2014-07-31', 0, 0),
(143, 1, 0, 7, 0, 0, '2014-07-31', 0, 0),
(144, 1, 0, 8, 0, 0, '2014-07-31', 0, 0),
(145, 1, NULL, 2, NULL, NULL, '2014-07-31', NULL, 10),
(146, 1, 3, 1, 4, 1360000, '2014-08-01', 0, NULL),
(147, 1, 3, 2, 22, 686400, '2014-08-01', 0, NULL),
(148, 1, 3, 3, 4, 80000, '2014-08-01', 0, NULL),
(149, 1, 3, 4, 5, 150000, '2014-08-01', 0, NULL),
(150, 1, 3, 5, 2, 60000, '2014-08-01', 0, NULL),
(151, 1, 3, 7, 5, 1000000, '2014-08-01', 0, NULL),
(152, 1, 3, 8, 3, 90000, '2014-08-01', 0, NULL),
(153, 1, 3, NULL, NULL, NULL, '2014-08-01', 500000, NULL),
(154, 1, 3, NULL, NULL, NULL, '2014-08-01', 500000, NULL),
(155, 1, 3, NULL, NULL, NULL, '2014-08-01', 400, NULL),
(156, 1, 3, 1, 0, 0, '2014-08-01', 0, NULL),
(157, 1, 3, 2, 0, 0, '2014-08-01', 0, NULL),
(158, 1, 3, 3, 0, 0, '2014-08-01', 0, NULL),
(159, 1, 3, 4, 0, 0, '2014-08-01', 0, NULL),
(160, 1, 3, 5, 0, 0, '2014-08-01', 0, NULL),
(161, 1, 3, 7, 0, 0, '2014-08-01', 0, NULL),
(162, 1, 3, 8, 0, 0, '2014-08-01', 0, NULL),
(163, 1, 3, 9, 30, 900000, '2014-08-01', 0, NULL),
(216, 1, NULL, 1, NULL, 34000000, '2014-08-03', NULL, 100),
(217, 1, NULL, 2, NULL, 624000, '2014-08-03', NULL, 20),
(218, 1, NULL, 3, NULL, 600000, '2014-08-03', NULL, 30),
(219, 1, NULL, 4, NULL, 1200000, '2014-08-03', NULL, 40),
(220, 1, NULL, 5, NULL, 1050000, '2014-08-03', NULL, 35),
(221, 1, NULL, 7, NULL, 40000000, '2014-08-03', NULL, 200),
(222, 1, NULL, 8, NULL, 12000000, '2014-08-03', NULL, 400),
(223, 1, NULL, 9, NULL, 3000000, '2014-08-03', NULL, 100),
(224, 1, 2, 1, 3, 1020000, '2014-08-03', 0, NULL),
(225, 1, 2, 2, 4, 124800, '2014-08-03', 0, NULL),
(226, 1, 2, 3, 5, 100000, '2014-08-03', 0, NULL),
(227, 1, 2, 4, 24, 720000, '2014-08-03', 0, NULL),
(228, 1, 2, 5, 4, 120000, '2014-08-03', 0, NULL),
(229, 1, 2, 7, 4, 800000, '2014-08-03', 0, NULL),
(230, 1, 2, 8, 2, 60000, '2014-08-03', 0, NULL),
(231, 1, 2, 9, 24, 720000, '2014-08-03', 0, NULL),
(232, 1, 2, NULL, NULL, NULL, '2014-08-03', 3000000, NULL),
(233, 1, 2, NULL, NULL, NULL, '2014-08-03', 800, NULL),
(234, 1, 2, NULL, NULL, NULL, '2014-08-03', 100000, NULL),
(235, 1, 2, NULL, NULL, NULL, '2014-08-03', 200, NULL),
(236, 1, 2, NULL, NULL, NULL, '2014-08-03', 101000, NULL),
(237, 1, 2, NULL, NULL, NULL, '2014-08-03', 98000, NULL),
(238, 1, 2, NULL, NULL, NULL, '2014-08-03', 7700000, NULL),
(239, 1, 2, NULL, NULL, NULL, '2014-08-03', -7335200, NULL),
(240, 2, NULL, 1, NULL, 6800000, '2014-08-03', NULL, 20),
(241, 2, NULL, 2, NULL, 624000, '2014-08-03', NULL, 20),
(242, 2, NULL, 3, NULL, 400000, '2014-08-03', NULL, 20),
(243, 2, NULL, 4, NULL, 600000, '2014-08-03', NULL, 20),
(244, 2, NULL, 5, NULL, 600000, '2014-08-03', NULL, 20),
(245, 2, NULL, 7, NULL, 4000000, '2014-08-03', NULL, 20),
(246, 2, NULL, 8, NULL, 600000, '2014-08-03', NULL, 20),
(247, 2, NULL, 9, NULL, 600000, '2014-08-03', NULL, 20);

-- --------------------------------------------------------

-- 
-- Table structure for table `salesman`
-- 

CREATE TABLE `salesman` (
  `id` int(11) NOT NULL auto_increment,
  `salesman_name` varchar(50) default NULL,
  `vehicle_no` varchar(50) default NULL,
  `driver` varchar(50) default NULL,
  `phone` varchar(50) default NULL,
  PRIMARY KEY  (`id`)
) ENGINE=InnoDB DEFAULT CHARSET=latin1 AUTO_INCREMENT=6 ;

-- 
-- Dumping data for table `salesman`
-- 

INSERT INTO `salesman` (`id`, `salesman_name`, `vehicle_no`, `driver`, `phone`) VALUES 
(1, 'samweli', 'Tvbbw 5664', 'hassan', '0654610060'),
(2, 'frank', 'Tbfd345', 'daudi', '08665436'),
(3, 'eddy', 'T BHS 454', 'george', '064565435'),
(4, 'willy', 'T b783 533', 'peter', '065433568'),
(5, 'yude', 'T5767 vt', 'musa', '06543357');

-- --------------------------------------------------------

-- 
-- Table structure for table `tbl account`
-- 

CREATE TABLE `tbl account` (
  `id` int(100) NOT NULL auto_increment,
  `detail` varchar(300) default NULL,
  `deposit` int(30) default NULL,
  `transfer` int(30) default NULL,
  `balance` int(30) default NULL,
  `date` date default NULL,
  `bankname` varchar(100) default NULL,
  `pallet` int(20) default NULL,
  `e_pallet` int(20) default NULL,
  `c_pallet` int(20) default NULL,
  `leak` int(20) default NULL,
  `e_leak` int(20) default NULL,
  `c_leak` int(20) default NULL,
  `empties` int(20) default NULL,
  `e_empties` int(20) default NULL,
  `c_empties` int(20) default NULL,
  PRIMARY KEY  (`id`)
) ENGINE=InnoDB DEFAULT CHARSET=latin1 AUTO_INCREMENT=1 ;

-- 
-- Dumping data for table `tbl account`
-- 


-- --------------------------------------------------------

-- 
-- Table structure for table `ut`
-- 

CREATE TABLE `ut` (
  `id` int(10) NOT NULL auto_increment,
  `nm` varchar(100) default NULL,
  `pt` varchar(25) default NULL,
  `uid` varchar(50) default NULL,
  `ps` varchar(20) default NULL,
  PRIMARY KEY  (`id`)
) ENGINE=InnoDB DEFAULT CHARSET=latin1 AUTO_INCREMENT=6 ;

-- 
-- Dumping data for table `ut`
-- 

INSERT INTO `ut` (`id`, `nm`, `pt`, `uid`, `ps`) VALUES 
(1, 'admini', 'administrator', '1', '2013'),
(2, 'digna mrosso', 'cashier1', NULL, '1234'),
(3, 'omega kawiche', 'cashier2', NULL, '6666'),
(4, 'omega kawiche', 'stockeeper', NULL, '7777'),
(5, 'maty swai', 'cashier3', NULL, '5678');

-- --------------------------------------------------------

-- 
-- Table structure for table `wadai`
-- 

CREATE TABLE `wadai` (
  `id` int(20) NOT NULL auto_increment,
  `detail` varchar(200) default NULL,
  `pokea` int(30) default NULL,
  `lipa` int(30) default NULL,
  `date` date default NULL,
  `balance` int(30) default NULL,
  `wadai_name` int(30) default NULL,
  PRIMARY KEY  (`id`)
) ENGINE=InnoDB DEFAULT CHARSET=latin1 AUTO_INCREMENT=37 ;

-- 
-- Dumping data for table `wadai`
-- 

INSERT INTO `wadai` (`id`, `detail`, `pokea`, `lipa`, `date`, `balance`, `wadai_name`) VALUES 
(1, 'beer serengeti 4	', 127200, NULL, '2014-06-08', 127200, 2),
(2, 'hela ya bia', 67000, NULL, '2014-06-09', 67000, 3),
(3, 'bavaria caton 5', 172500, NULL, '2014-06-09', 172500, 4),
(4, 'den', NULL, 172500, '2014-06-09', 0, 4),
(5, 'SAVANNAH/W.HEOK', 9800000, NULL, '2014-06-04', 9800000, 6),
(6, 'SERENGETI', 9450000, NULL, '2014-06-10', 9450000, 5),
(7, 'SERENGETI', 7450000, NULL, '2014-06-11', 16900000, 5),
(8, 'SPIRITS', 54674000, NULL, '2014-06-11', 54674000, 7),
(9, 'BAVARIA REGULAR', 55020000, NULL, '2014-06-11', 55020000, 8),
(10, 'BAVARIA', 6600000, NULL, '2014-06-07', 6600000, 9),
(11, 'BAVARIA', 14025000, NULL, '2014-06-09', 20625000, 9),
(12, 'BAVARIA', 13200000, NULL, '2014-06-11', 33825000, 9),
(13, 'SERENGETI', 9450000, NULL, '2014-06-09', 9450000, 10),
(14, 'BALTICA', 6844000, NULL, '2014-06-06', 6844000, 11),
(15, 'DOLLERS/ZED', 27500000, NULL, '2014-06-06', 27500000, 12),
(16, 'DOLLERS/ZED', 5500000, NULL, '2014-06-09', 33000000, 12),
(17, 'DOLLERS/ZED', 49500000, NULL, '2014-06-09', 82500000, 12),
(18, 'mkopo', 50000000, NULL, '2014-05-23', 50000000, 14),
(19, 'mkopo', 200000000, NULL, '2014-04-18', 200000000, 15),
(20, 'mkopo', 100000000, NULL, '2014-04-20', 100000000, 16),
(21, 'DENI', 10000000, NULL, '2014-04-20', 10000000, 17),
(22, 'SPIRITS', 3207450, NULL, '2014-06-09', 3207450, 18),
(23, 'OLD BALANCE', 347183100, NULL, '2014-06-09', 347183100, 19),
(24, 'SPIRITS', 3622000, NULL, '2014-06-09', 350805100, 19),
(25, 'SRIRITS', 3820000, NULL, '2014-06-09', 354625100, 19),
(26, 'SPIRITS', 97960000, NULL, '2014-06-09', 452585100, 19),
(27, 'CASH', NULL, 30000000, '2014-06-13', 422585100, 19),
(28, 'CASH', NULL, 67000, '2014-06-13', 0, 3),
(29, 'CASH', NULL, 127200, '2014-06-13', 0, 2),
(30, 'DIFFERENCE', 1316000, NULL, '2014-06-14', 423901100, 19),
(31, 'WIND HEOK', 20680000, NULL, '2014-06-16', 30480000, 6),
(32, 'SAVANNAH', 5000000, NULL, '2014-06-17', 35480000, 6),
(33, 'JOSE SAV 100/W,HEOK 140', NULL, 11720000, '2014-06-17', 23760000, 6),
(34, 'CASH', NULL, 27500000, '2014-06-16', 55000000, 12),
(35, 'fred', NULL, 3500000, '2014-06-18', 20260000, 6),
(36, 'CASH', NULL, 4000000, '2014-06-18', 16260000, 6);

-- --------------------------------------------------------

-- 
-- Table structure for table `wadaicret`
-- 

CREATE TABLE `wadaicret` (
  `id` int(20) NOT NULL auto_increment,
  `detail` varchar(200) default NULL,
  `pokea` int(30) default NULL,
  `lipa` int(30) default NULL,
  `date` date default NULL,
  `balance` int(30) default NULL,
  `wadai_name` int(30) default NULL,
  PRIMARY KEY  (`id`)
) ENGINE=InnoDB DEFAULT CHARSET=latin1 AUTO_INCREMENT=2 ;

-- 
-- Dumping data for table `wadaicret`
-- 

INSERT INTO `wadaicret` (`id`, `detail`, `pokea`, `lipa`, `date`, `balance`, `wadai_name`) VALUES 
(1, 'creat', 20, NULL, '2014-08-03', 20, 1);

-- --------------------------------------------------------

-- 
-- Table structure for table `wadaicret_name`
-- 

CREATE TABLE `wadaicret_name` (
  `id` int(20) NOT NULL auto_increment,
  `name` varchar(30) default NULL,
  `detail` varchar(200) default NULL,
  PRIMARY KEY  (`id`)
) ENGINE=InnoDB DEFAULT CHARSET=latin1 AUTO_INCREMENT=2 ;

-- 
-- Dumping data for table `wadaicret_name`
-- 

INSERT INTO `wadaicret_name` (`id`, `name`, `detail`) VALUES 
(1, 'mohas', '065448893');

-- --------------------------------------------------------

-- 
-- Table structure for table `wadaiwa`
-- 

CREATE TABLE `wadaiwa` (
  `id` int(20) NOT NULL auto_increment,
  `detail` varchar(200) default NULL,
  `lipa` int(30) default NULL,
  `pokea` int(30) default NULL,
  `date` date default NULL,
  `balance` int(30) default NULL,
  `wadaiwa_name` int(20) default NULL,
  PRIMARY KEY  (`id`)
) ENGINE=InnoDB DEFAULT CHARSET=latin1 AUTO_INCREMENT=328 ;

-- 
-- Dumping data for table `wadaiwa`
-- 

INSERT INTO `wadaiwa` (`id`, `detail`, `lipa`, `pokea`, `date`, `balance`, `wadaiwa_name`) VALUES 
(1, 'vinywaji', NULL, 1141000, '2014-06-01', 1141000, 1),
(2, 'vinywaji', 500000, NULL, '2014-06-04', 641000, 1),
(3, 'mkopo cash', NULL, 2000000, '2014-06-04', 2000000, 2),
(6, 'mkopo', NULL, 300000, '2014-06-10', 300000, 4),
(7, 'vinywaji', NULL, 162000, '2014-06-11', 162000, 5),
(8, 'vinywaji', NULL, 28792600, '2014-05-01', 28792600, 6),
(9, 'vinywaji', 3545000, NULL, '2014-05-03', 25247600, 6),
(10, 'vinywaji', 3000000, NULL, '2014-05-05', 22247600, 6),
(11, 'vinywaji', NULL, 840000, '2014-05-06', 23087600, 6),
(12, 'vinywaji', 1100000, NULL, '2014-05-06', 21987600, 6),
(13, 'beer ', NULL, 33348600, '2014-06-15', 33348600, 7),
(14, 'ORDER', 7377000, NULL, '2014-06-15', 25971600, 7),
(15, 'PAID', 7377000, NULL, '2014-06-15', 18594600, 7),
(16, 'ORDER', NULL, 14754000, '2014-06-15', 33348600, 7),
(17, 'PAID', 4500000, NULL, '2014-06-15', 28848600, 7),
(18, 'PAID', 4100000, NULL, '2014-06-04', 24748600, 7),
(19, 'beer serengeti 4', NULL, 827200, '2014-06-14', 827200, 8),
(20, 'SPIRITS', NULL, 11429500, '2014-06-15', 11429500, 9),
(21, 'beer serengeti 4', NULL, 7266400, '2014-06-15', 7266400, 10),
(22, 'beer', NULL, 4292000, '2014-06-15', 4292000, 11),
(23, 'beer', NULL, 6603100, '2014-06-15', 6603100, 12),
(24, 'spirts', NULL, 2632500, '2014-06-15', 2632500, 13),
(25, 'VILEO', NULL, 28027500, '2014-06-05', 28027500, 14),
(26, 'REDBULL', NULL, 8027500, '2014-06-05', 36055000, 14),
(27, 'BAL C/F', NULL, 23187500, '2014-06-10', 23187500, 15),
(28, 'CASH', 3000000, NULL, '2014-06-10', 20187500, 15),
(29, 'CASH', 1700000, NULL, '2014-06-13', 18487500, 15),
(30, 'spirts', NULL, 542000, '2014-06-13', 1183000, 1),
(31, 'SPIRTS', NULL, 1639000, '2014-06-13', 2822000, 1),
(32, 'BAL C/F', NULL, 6858500, '2014-06-13', 6858500, 16),
(33, 'beer', NULL, 2455700, '2014-06-13', 9314200, 16),
(34, 'BAL C/F', NULL, 10534500, '2014-06-06', 10534500, 17),
(35, 'BAL C/F', NULL, 7283300, '2014-06-03', 7283300, 18),
(36, 'ORDER', NULL, 49754500, '2014-06-03', 57037800, 18),
(37, 'ORDER', NULL, 2087500, '2014-06-04', 59125300, 18),
(38, 'UNDELIVERED', 3860000, NULL, '2014-06-04', 55265300, 18),
(39, 'CRDB', 10000000, NULL, '2014-06-09', 45265300, 18),
(40, 'CRDB', 5700000, NULL, '2014-06-13', 39565300, 18),
(41, 'BAL C/F', NULL, 33169600, '2014-06-06', 33169600, 19),
(42, '0RDER', NULL, 1878000, '2014-06-06', 35047600, 19),
(43, 'ORDER', NULL, 1878000, '2014-06-08', 36925600, 19),
(44, 'ERROR', 1878000, NULL, '2014-06-08', 35047600, 19),
(45, 'beer serengeti 4', NULL, 726000, '2014-06-08', 35773600, 19),
(46, 'ORDER', NULL, 2438000, '2014-06-10', 38211600, 19),
(47, 'CASH', 10000000, NULL, '2014-06-10', 28211600, 19),
(48, 'beer', NULL, 9582000, '2014-06-12', 37793600, 19),
(49, 'beer serengeti 4', NULL, 10466500, '2014-06-12', 35215100, 7),
(50, 'CORRECT', NULL, 30000, '2014-06-12', 35245100, 7),
(51, 'CORRECT', NULL, 4000000, '2014-06-12', 39245100, 7),
(52, 'PAID', 827200, NULL, '2014-06-12', 0, 8),
(53, 'BAL C/F', NULL, 33348600, '2014-06-02', 33348600, 8),
(54, 'beer', NULL, 7377000, '2014-06-02', 40725600, 8),
(55, 'CASH', 4500000, NULL, '2014-06-02', 36225600, 8),
(56, 'CASH', 4100000, NULL, '2014-06-04', 32125600, 8),
(57, 'CASH', 3200000, NULL, '2014-06-06', 28925600, 8),
(58, 'ORDER', NULL, 9048000, '2014-06-07', 37973600, 8),
(59, 'CASH', 4500000, NULL, '2014-06-09', 33473600, 8),
(60, 'CASH', 4600000, NULL, '2014-06-13', 28873600, 8),
(61, 'ORDER', NULL, 10466500, '2014-06-14', 39340100, 8),
(62, 'ORDER', NULL, 14055000, '2014-06-09', 14055000, 20),
(63, 'ORDER', NULL, 22542500, '2014-06-15', 36597500, 20),
(64, 'mkopo', NULL, 500000, '2014-06-15', 500000, 21),
(65, 'beer serengeti 4', NULL, 540000, '2014-06-15', 540000, 22),
(66, 'REDBULL', NULL, 49500000, '2014-06-15', 49500000, 23),
(67, 'ERROR', 48550000, NULL, '2014-06-15', 950000, 23),
(68, 'ORDER', NULL, 112000, '2014-05-03', 112000, 24),
(69, 'ORDER', NULL, 246000, '2014-05-05', 358000, 24),
(70, 'ORDER', NULL, 264000, '2014-05-27', 622000, 24),
(71, 'ORDER', NULL, 71500, '2014-06-03', 693500, 24),
(72, 'ORDER', NULL, 1083000, '2014-06-10', 1776500, 24),
(73, 'ORDER', NULL, 1015000, '2014-06-13', 2791500, 24),
(74, 'ORDER', NULL, 765000, '2014-06-14', 3556500, 24),
(75, 'ORDER', NULL, 319000, '2014-06-14', 3875500, 24),
(76, 'ORDER', NULL, 894500, '2014-06-14', 4770000, 24),
(77, 'ORDER', NULL, 1342800, '2014-06-06', 1342800, 25),
(78, 'ORDER', NULL, 1459800, '2014-06-06', 2802600, 25),
(79, 'ORDER', NULL, 31800, '2014-06-11', 2834400, 25),
(80, 'ORDER', NULL, 1217800, '2014-06-14', 4052200, 25),
(81, 'ORDER', NULL, 63600, '2014-06-23', 4115800, 25),
(82, 'ORDER', NULL, 188300, '2014-06-05', 4304100, 25),
(83, 'ORDER', NULL, 383250, '2014-06-06', 4687350, 25),
(84, 'ORDER', NULL, 134500, '2014-06-07', 4821850, 25),
(85, 'ORDER', NULL, 597500, '2014-06-08', 5419350, 25),
(86, 'ORDER', NULL, 283950, '2014-06-09', 5703300, 25),
(87, 'ORDER', NULL, 292100, '2014-06-10', 5995400, 25),
(88, 'ORDER', NULL, 128300, '2014-06-11', 6123700, 25),
(89, 'ORDER', NULL, 172300, '2014-06-12', 6296000, 25),
(90, 'ORDER', NULL, 184600, '2014-06-13', 6480600, 25),
(91, 'ORDER', NULL, 185900, '2014-06-14', 6666500, 25),
(92, 'SPIRITS', NULL, 2922500, '2014-06-14', 2922500, 26),
(93, 'HEINEKEN', NULL, 2700000, '2014-06-14', 2700000, 27),
(94, 'VILEO', NULL, 366500, '2014-06-14', 366500, 28),
(95, 'VILEO', NULL, 25700000, '2014-06-14', 25700000, 29),
(96, 'NMB', 17000000, NULL, '2014-06-14', 8700000, 29),
(97, 'CASH', 17000000, NULL, '2014-06-14', -17000000, 30),
(98, 'beer serengeti 4', NULL, 31000, '2014-06-14', 31000, 31),
(99, 'W,HEOK', NULL, 555000, '2014-06-14', 19042500, 15),
(100, 'BAL C/F', NULL, 3088000, '2014-06-13', 3088000, 32),
(101, 'beer', NULL, 6256300, '2014-06-14', 9344300, 32),
(102, 'W.HEOK', NULL, 640000, '2014-06-14', 640000, 33),
(103, 'spirts', NULL, 870000, '2014-06-13', 870000, 34),
(104, 'ERROR', 783000, NULL, '2014-06-13', 87000, 34),
(105, 'beer', NULL, 470000, '2014-06-13', 1010000, 22),
(106, 'beer', NULL, 100000, '2014-06-13', 100000, 35),
(107, 'SPIRITS', NULL, 2631000, '2014-06-13', 2631000, 36),
(108, 'beer', NULL, 3705000, '2014-06-13', 3705000, 37),
(109, 'SPIRITS', NULL, 187500, '2014-06-13', 187500, 38),
(110, 'beer', NULL, 3598000, '2014-06-12', 3598000, 39),
(111, 'KONYAGI', NULL, 710000, '2014-06-12', 1720000, 22),
(112, 'beer', NULL, 3504500, '2014-06-12', 3504500, 40),
(113, 'WINE', NULL, 453000, '2014-06-12', 453000, 41),
(114, 'HENNESY', NULL, 13200000, '2014-06-12', 13200000, 42),
(115, 'CORECTION', 11880000, NULL, '2014-06-12', 1320000, 42),
(116, 'beer', NULL, 208000, '2014-06-12', 208000, 43),
(117, 'SPIRITS', NULL, 925000, '2014-06-12', 925000, 44),
(118, 'HEINEKEN', NULL, 27500000, '2014-06-12', 27500000, 45),
(119, 'CORECTION', 24750000, NULL, '2014-06-12', 2750000, 45),
(120, 'beer', NULL, 1316000, '2014-06-10', 1316000, 46),
(121, 'beer', NULL, 98000, '2014-06-10', 98000, 47),
(122, 'SPIRITS', NULL, 4065000, '2014-06-10', 4065000, 48),
(123, 'HEINEKEN', NULL, 27500000, '2014-06-10', 27500000, 49),
(124, 'CORECTION', 24750000, NULL, '2014-06-10', 2750000, 49),
(125, 'SPIRITS', NULL, 1650000, '2014-06-10', 1650000, 50),
(126, 'beer', NULL, 23600, '2014-06-10', 123600, 35),
(127, 'beer', NULL, 760000, '2014-06-10', 760000, 51),
(128, 'SPIRITS', NULL, 360000, '2014-06-10', 360000, 52),
(129, 'SPIRITS', NULL, 8132000, '2014-06-10', 8132000, 53),
(130, 'ZED', NULL, 8810000, '2014-06-10', 8810000, 54),
(131, 'beer', NULL, 170000, '2014-06-09', 170000, 55),
(132, 'SPIRITS', NULL, 4827000, '2014-06-09', 8892000, 48),
(133, 'beer', NULL, 2054100, '2014-06-09', 2054100, 56),
(134, 'SPIRITS', NULL, 19289500, '2014-06-09', 19289500, 57),
(135, 'SPIRITS', NULL, 2860000, '2014-06-08', 3785000, 44),
(136, 'SPIRITS', NULL, 57000, '2014-06-08', 57000, 58),
(137, 'beer', NULL, 4133500, '2014-06-08', 4133500, 59),
(138, 'BAVARIA', NULL, 6800000, '2014-06-07', 6800000, 60),
(139, 'SPIRITS', NULL, 940000, '2014-06-07', 940000, 61),
(140, 'SPIRITS', NULL, 4465000, '2014-06-07', 6115000, 50),
(141, 'SPIRITS', NULL, 5902000, '2014-06-07', 5902000, 62),
(142, 'beer', NULL, 3000000, '2014-06-07', 3000000, 63),
(143, 'BAVARIA', NULL, 987500, '2014-06-06', 3737500, 49),
(144, 'BAVARIA', NULL, 6425000, '2014-06-06', 6425000, 64),
(145, 'beer', NULL, 158000, '2014-06-06', 158000, 65),
(146, 'SPIRITS', NULL, 4798000, '2014-06-04', 4798000, 66),
(147, 'SPIRITS', NULL, 13366000, '2014-06-04', 13366000, 67),
(148, 'SPIRITS', NULL, 4838000, '2014-06-04', 4838000, 68),
(149, 'beer', NULL, 47400, '2014-06-04', 47400, 69),
(150, 'beer', NULL, 4449500, '2014-06-03', 4547500, 47),
(151, 'beer', NULL, 2269000, '2014-06-03', 2269000, 70),
(152, 'beer', NULL, 4686200, '2014-05-31', 8284200, 39),
(153, 'beer', NULL, 6460000, '2014-05-31', 8729000, 70),
(154, 'beer', NULL, 162000, '2014-05-31', 162000, 71),
(155, 'beer', NULL, 158000, '2014-05-30', 158000, 72),
(156, 'SPIRITS', NULL, 7709500, '2014-05-30', 7709500, 73),
(157, 'NMB', 2000000, NULL, '2014-05-30', 5709500, 73),
(158, 'beer', NULL, 1074300, '2014-05-29', 5207800, 59),
(159, 'HEINEKEN', NULL, 1620000, '2014-05-29', 1620000, 74),
(160, 'beer', NULL, 7753600, '2014-05-26', 9069600, 46),
(161, 'beer', NULL, 540000, '2014-05-23', 540000, 75),
(162, 'beer', NULL, 2176000, '2014-05-23', 2176000, 76),
(163, 'beer', NULL, 6544000, '2014-05-14', 6544000, 77),
(164, 'SPIRITS', NULL, 757500, '2014-05-14', 757500, 78),
(165, 'SPIRITS', NULL, 1120000, '2014-05-14', 1120000, 79),
(166, 'beer', NULL, 7179500, '2014-05-14', 7179500, 80),
(167, 'SPIRITS', NULL, 1400000, '2014-05-14', 1400000, 81),
(168, 'REDBULL', NULL, 6425000, '2014-05-14', 12850000, 64),
(169, 'BAVARIA', NULL, 1296000, '2014-05-14', 1296000, 82),
(170, 'beer', NULL, 80000, '2014-05-14', 80000, 83),
(171, 'beer', NULL, 318000, '2014-05-14', 318000, 84),
(172, 'SPIRITS', NULL, 1474500, '2014-05-14', 1474500, 85),
(173, 'beer', NULL, 6447300, '2014-05-14', 6447300, 86),
(174, 'beer', NULL, 385000, '2014-06-05', 9114000, 70),
(175, 'SPIRITS', NULL, 4000000, '2014-06-05', 4000000, 87),
(176, 'beer', NULL, 347000, '2014-06-05', 347000, 88),
(177, 'BAVARIA REGULAR', NULL, 558000, '2014-06-05', 558000, 89),
(178, 'SPIRITS', NULL, 10855000, '2014-04-23', 10855000, 90),
(179, 'zed/dollers', NULL, 8485000, '2014-05-16', 8485000, 91),
(180, 'SPIRITS', NULL, 340000, '2014-04-08', 340000, 92),
(181, 'BAVARIA', NULL, 520000, '2014-04-08', 1816000, 82),
(182, 'VILEO', NULL, 1190000, '2014-06-03', 1530000, 92),
(183, 'beer', NULL, 762400, '2014-06-09', 762400, 93),
(184, 'VILEO', NULL, 951000, '2014-06-10', 2481000, 92),
(185, 'PAID', 1180000, NULL, '2014-06-15', 540000, 22),
(186, 'VILEO', 560000, NULL, '2014-06-13', 1921000, 92),
(187, 'vinywaji', NULL, 1319000, '2014-04-06', 1637000, 84),
(188, 'vinywaji', NULL, 1616500, '2014-04-06', 1616500, 94),
(189, 'vinywaji', NULL, 9323500, '2014-05-21', 9323500, 95),
(190, 'vinywaji', NULL, 3705000, '2014-05-21', 3705000, 96),
(191, 'PAID BOA', 3000000, NULL, '2014-06-14', 0, 63),
(192, 'beer', NULL, 2091200, '2014-06-17', 2091200, 97),
(193, 'VILEO', NULL, 43000, '2014-06-17', 43000, 98),
(194, 'W.HEOK', NULL, 324000, '2014-06-16', 964000, 33),
(195, 'CASH', 3774000, NULL, '2014-06-16', 1433800, 59),
(196, 'CASH', 3088000, NULL, '2014-06-16', 6256300, 32),
(197, 'beer', NULL, 9314200, '2014-06-16', 9314200, 99),
(198, 'beer', NULL, 1616400, '2014-06-16', 10930600, 99),
(199, 'CASH', 2500000, NULL, '2014-06-16', 8430600, 99),
(200, 'CASH', 4000000, NULL, '2014-06-16', 3266400, 10),
(201, 'CASH', 6600000, NULL, '2014-06-16', 32740100, 8),
(202, 'CASH', 2054100, NULL, '2014-06-16', 0, 56),
(203, 'CASH', 440000, NULL, '2014-06-16', 524000, 33),
(204, 'CASH', 1015000, NULL, '2014-06-16', 3755000, 24),
(205, 'CASH', 1083000, NULL, '2014-06-16', 2672000, 24),
(206, 'CASH', 540000, NULL, '2014-06-16', 0, 22),
(207, 'CASH', 162000, NULL, '2014-06-16', 0, 5),
(208, 'CASH', 208000, NULL, '2014-06-16', 0, 43),
(209, 'CASH', 4798000, NULL, '2014-06-16', 0, 66),
(210, 'CASH', 328100, NULL, '2014-06-16', 3376900, 37),
(211, 'CASH', 2000000, NULL, '2014-06-16', 17042500, 15),
(212, 'beer', NULL, 6872900, '2014-06-17', 8306700, 59),
(213, 'CASH', 665000, NULL, '2014-06-17', 7641700, 59),
(214, 'vinywaji', NULL, 540000, '2014-06-17', 540000, 22),
(215, 'beer', NULL, 2400500, '2014-06-17', 2400500, 56),
(216, 'beer', NULL, 1708800, '2014-06-17', 1739800, 31),
(217, 'VILEO', NULL, 4935000, '2014-06-17', 5875000, 61),
(218, 'VILEO', NULL, 4118000, '2014-05-22', 9993000, 61),
(219, 'beer', NULL, 8518000, '2014-06-16', 11784400, 10),
(220, 'SPIRITS', NULL, 10870000, '2014-06-16', 46925000, 14),
(221, 'SPIRITS', NULL, 4356500, '2014-06-16', 5114000, 78),
(222, 'CASH', 43000, NULL, '2014-06-17', 0, 98),
(223, 'CASH', 890000, NULL, '2014-06-17', 1031000, 92),
(224, 'CASH', 951000, NULL, '2014-06-17', 80000, 92),
(225, 'CASH', 4000000, NULL, '2014-06-17', 2115000, 50),
(226, 'CASH', 6000000, NULL, '2014-06-17', 3323500, 95),
(227, 'CASH', 950000, NULL, '2014-06-17', 0, 23),
(228, 'CASH', 87000, NULL, '2014-06-17', 0, 34),
(229, 'CASH', 2500000, NULL, '2014-06-17', 5930600, 99),
(230, 'beer', NULL, 10205000, '2014-06-17', 10205000, 63),
(231, 'SPIRITS', NULL, 951000, '2014-06-17', 1031000, 92),
(232, 'beer', NULL, 772650, '2014-06-17', 772650, 100),
(233, 'SPIRITS', NULL, 6110000, '2014-06-17', 8225000, 50),
(234, 'SPIRITS', NULL, 248000, '2014-06-17', 248000, 101),
(235, 'beer', NULL, 270000, '2014-06-17', 810000, 22),
(236, 'CRDB', 18700000, NULL, '2014-06-17', 20865300, 18),
(237, 'beer', NULL, 188300, '2014-06-05', 188300, 102),
(238, 'beer', NULL, 383250, '2014-06-05', 571550, 102),
(239, 'beer', NULL, 134500, '2014-06-07', 706050, 102),
(240, 'beer', NULL, 597500, '2014-06-08', 1303550, 102),
(241, 'beer', NULL, 283950, '2014-06-09', 1587500, 102),
(242, 'beer', NULL, 292100, '2014-06-09', 1879600, 102),
(243, 'beer', NULL, 128300, '2014-06-09', 2007900, 102),
(244, 'beer', NULL, 172300, '2014-06-09', 2180200, 102),
(245, 'beer', NULL, 184600, '2014-06-13', 2364800, 102),
(246, 'beer', NULL, 185700, '2014-06-14', 2550500, 102),
(247, 'beer', NULL, 385200, '2014-06-14', 2935700, 102),
(248, 'beer', NULL, 113750, '2014-06-17', 3049450, 102),
(249, 'beer', NULL, 30500, '2014-06-16', 3079950, 102),
(250, 'beer', NULL, 258000, '2014-06-18', 3337950, 102),
(251, 'CASH', 11000000, NULL, '2014-06-18', 26793600, 19),
(252, 'CASH', 5800000, NULL, '2014-06-18', 647300, 86),
(253, 'CASH', 1500000, NULL, '2014-06-18', 4430600, 99),
(254, 'CASH', 765000, NULL, '2014-06-18', 1907000, 24),
(255, 'CASH', 2500000, NULL, '2014-06-18', 1285000, 44),
(256, 'beer', NULL, 6572000, '2014-06-18', 33365600, 19),
(257, 'beer', NULL, 8669500, '2014-06-18', 11993000, 95),
(258, 'beer', NULL, 1495600, '2014-06-18', 8162100, 25),
(259, 'beer', NULL, 650000, '2014-06-18', 17692500, 15),
(260, 'CASH', 10000000, NULL, '2014-06-18', 534500, 17),
(261, 'SPIRITS', NULL, 13653500, '2014-06-18', 14188000, 17),
(262, 'beer', NULL, 889100, '2014-06-18', 2628900, 31),
(263, 'beer', NULL, 2200000, '2014-06-18', 3485000, 44),
(264, 'SPIRITS', NULL, 510000, '2014-06-18', 2417000, 24),
(265, 'beer', NULL, 4905000, '2014-06-18', 5552300, 86),
(266, 'beer', NULL, 2386000, '2014-06-18', 5890500, 40),
(267, 'beer', NULL, 258000, '2014-06-18', 3595950, 102),
(268, 'beer', NULL, 1721000, '2014-06-18', 1721000, 103),
(269, 'beer', NULL, 1308700, '2014-06-18', 1308700, 104),
(270, 'SPIRITS', NULL, 0, '2014-06-18', 0, 105),
(271, 'SPIRITS', NULL, 6825000, '2014-06-18', 6825000, 105),
(272, 'CASH', 324000, NULL, '2014-06-19', 200000, 33),
(273, 'CASH', 1200000, NULL, '2014-06-19', 1622000, 1),
(274, 'beer', NULL, 945000, '2014-06-15', 945000, 106),
(275, 'SPIRITS', NULL, 5826500, '2014-06-15', 10118500, 11),
(276, 'CORECTION', 5000000, NULL, '2014-06-19', 5118500, 11),
(277, 'CASH', 5882000, NULL, '2014-06-19', 20000, 62),
(278, 'CASH', 2091200, NULL, '2014-06-19', 0, 97),
(279, 'CASH', 768500, NULL, '2014-06-19', 6873200, 59),
(280, 'CASH', 473000, NULL, '2014-06-19', 6400200, 59),
(281, 'CASH', 11000000, NULL, '2014-06-19', -9279000, 103),
(282, 'SPIRITS', NULL, 2349000, '2014-06-19', 3965500, 94),
(283, 'CASH', 3000000, NULL, '2014-06-19', 965500, 94),
(284, 'CASH', 2050000, NULL, '2014-06-19', 578900, 31),
(285, 'CASH', 3000000, NULL, '2014-06-19', 4179500, 80),
(286, 'SPIRITS', NULL, 5077500, '2014-06-19', 10191500, 78),
(287, 'SPIRITS', NULL, 2590300, '2014-06-19', 7020900, 99),
(288, 'CRDB', 8500000, NULL, '2014-06-19', 12365300, 18),
(289, 'SPIRITS', NULL, 16950000, '2014-06-19', 29315300, 18),
(290, 'SPIRITS', NULL, 35705000, '2014-06-19', 65020300, 18),
(291, 'beer', NULL, 781000, '2014-06-19', 1359900, 31),
(292, 'beer', NULL, 150500, '2014-06-19', 3527400, 37),
(293, 'beer', NULL, 97000, '2014-06-19', 3624400, 37),
(294, 'SPIRITS', NULL, 3750000, '2014-06-19', 4870000, 79),
(295, 'SPIRITS', NULL, 2082500, '2014-06-19', 4499500, 24),
(296, 'SPIRITS', NULL, 1398500, '2014-06-19', 3020500, 1),
(297, 'cash', 4100000, NULL, '2014-06-19', 28640100, 8),
(298, 'correct', 2269000, NULL, '2014-06-19', 44656000, 14),
(299, 'CRDB', 8892000, NULL, '2014-06-19', 0, 48),
(300, 'crdb', 7280000, NULL, '2014-06-19', 1205000, 91),
(301, 'CASH', 4700000, NULL, '2014-06-20', 170000, 79),
(302, 'SPIRITS', NULL, 41000, '2014-06-20', 211000, 79),
(303, 'CASH', 6600000, NULL, '2014-06-20', -5655000, 106),
(304, 'CASH', 2082500, NULL, '2014-06-20', 2417000, 24),
(305, 'CASH', 1840000, NULL, '2014-06-20', 1180500, 1),
(306, 'CASH', 1015000, NULL, '2014-06-20', 5385200, 59),
(307, 'CASH', 560000, NULL, '2014-06-20', 471000, 92),
(308, 'CASH', 721000, NULL, '2014-06-20', -10000000, 103),
(309, 'CASH', 10000000, NULL, '2014-06-20', -20000000, 103),
(310, 'CASH', -20000000, NULL, '2014-06-20', 0, 103),
(311, 'SPIRITS', NULL, 3697500, '2014-06-20', 3697500, 107),
(312, 'CASH', 6600000, NULL, '2014-06-20', -12255000, 106),
(313, 'CASH', -12255000, NULL, '2014-06-20', 0, 106),
(314, 'beer', NULL, 345000, '2014-06-20', 345000, 106),
(315, 'beer', NULL, 2240000, '2014-06-20', 2585000, 106),
(316, 'beer', NULL, 63600, '2014-06-20', 8225700, 25),
(317, 'beer', NULL, 3835300, '2014-06-20', 12119500, 39),
(318, 'beer', NULL, 140300, '2014-06-20', 3736250, 102),
(319, 'beer', NULL, 761500, '2014-06-20', 2121400, 31),
(320, 'beer', NULL, 300000, '2014-06-20', 500000, 33),
(321, 'beer', NULL, 280000, '2014-06-20', 280000, 5),
(322, 'beer', NULL, 1200000, '2014-06-20', 1671000, 92),
(323, 'beer', NULL, 10521000, '2014-06-20', 43886600, 19),
(324, 'beer', NULL, 370000, '2014-06-20', 5755200, 59),
(325, 'SPIRITS', NULL, 1130000, '2014-06-20', 1130000, 108),
(326, 'vinyaji', 1000000, NULL, '2014-06-22', 27640100, 8),
(327, 'george frank', 400000, NULL, '2014-07-15', 780500, 1);

-- --------------------------------------------------------

-- 
-- Table structure for table `wadaiwacret`
-- 

CREATE TABLE `wadaiwacret` (
  `id` int(20) NOT NULL auto_increment,
  `detail` varchar(200) default NULL,
  `pokea` int(30) default NULL,
  `lipa` int(30) default NULL,
  `date` date default NULL,
  `balance` int(30) default NULL,
  `wadaiwa_name` int(30) default NULL,
  PRIMARY KEY  (`id`)
) ENGINE=InnoDB DEFAULT CHARSET=latin1 AUTO_INCREMENT=7 ;

-- 
-- Dumping data for table `wadaiwacret`
-- 

INSERT INTO `wadaiwacret` (`id`, `detail`, `pokea`, `lipa`, `date`, `balance`, `wadaiwa_name`) VALUES 
(1, 'salum', 30, NULL, '2014-06-24', 30, 1),
(2, 'salumu', NULL, 10, '2014-06-24', 20, 1),
(3, 'tbl emp', 22, NULL, '2014-07-04', 22, 2),
(4, 'tbl', NULL, 20, '2014-07-04', 2, 2),
(5, 'tbl emp', 2, NULL, '2014-07-04', 4, 2),
(6, 'jose sinza, drv, shaban', 20, NULL, '2014-07-04', 24, 2);

-- --------------------------------------------------------

-- 
-- Table structure for table `wadaiwacret_name`
-- 

CREATE TABLE `wadaiwacret_name` (
  `id` int(20) NOT NULL auto_increment,
  `name` varchar(50) default NULL,
  `detail` varchar(200) default NULL,
  PRIMARY KEY  (`id`)
) ENGINE=InnoDB DEFAULT CHARSET=latin1 AUTO_INCREMENT=3 ;

-- 
-- Dumping data for table `wadaiwacret_name`
-- 

INSERT INTO `wadaiwacret_name` (`id`, `name`, `detail`) VALUES 
(1, 'TBL', 'dar es salam'),
(2, 'tadei', '077t6545');

-- --------------------------------------------------------

-- 
-- Table structure for table `wadaiwa_name`
-- 

CREATE TABLE `wadaiwa_name` (
  `id` int(20) NOT NULL auto_increment,
  `name` varchar(50) default NULL,
  `detail` varchar(200) default NULL,
  PRIMARY KEY  (`id`)
) ENGINE=InnoDB DEFAULT CHARSET=latin1 AUTO_INCREMENT=109 ;

-- 
-- Dumping data for table `wadaiwa_name`
-- 

INSERT INTO `wadaiwa_name` (`id`, `name`, `detail`) VALUES 
(1, 'fransiska mgaya', '0787332237'),
(4, 'wilfred cleophace', '0756566955'),
(5, 'asenga kotira', 'mbezi beach'),
(6, 'grace', 'vinywaji'),
(7, 'grace', '0713408306'),
(8, 'prof shine', '0715308725'),
(9, 'tesha cheni', '11429500'),
(10, 'kishai', '0715314836'),
(11, 'tesha corner', '0715676560'),
(12, 'pax', '0765491092'),
(13, 'temba', '0715537048'),
(14, 'RAMA CHAL', '0655938135'),
(15, 'MZAVA', '0784433221'),
(16, 'asenga kotira', 'UKOMBOZI'),
(17, 'PATRISON', '0683496088'),
(18, 'MWENDAPOLE TREDING LTD', 'KIBAHA'),
(19, 'COCECA', 'UBUNGO'),
(20, 'PROSPER ', 'HANDENI'),
(21, 'JUMA', 'SELF'),
(22, 'GASPER TOYO', 'beer serengeti 4'),
(23, 'MA NGOWI ', 'MWENGE'),
(24, 'EDGA', 'SWAI'),
(25, 'M.SHIRIMA', 'WOODLAND'),
(26, 'DAMIAN', 'MAGOMENI'),
(27, 'MAE', 'SINZA'),
(28, 'ROBERT', 'TEMBON'),
(29, 'BILARY', 'DODOMA'),
(30, 'OUTLAST', 'SINZA'),
(31, 'MEEDA', 'SINZA'),
(32, 'SANGA', 'TEMBONI'),
(33, 'MOSHIRO MJOMBA', '0719172804'),
(34, 'AMAN', 'KIMARA'),
(35, 'DONATH', 'MANZESE'),
(36, 'SHIRIMA TAB', '0716300400'),
(37, 'MOSHI MA VICTOR', 'KIBANGU'),
(38, 'JUSTIN TEGT', '0653025613'),
(39, 'MASIDO', 'SINZA'),
(40, 'LAZARO', '0715850439'),
(41, 'BABU KUBWA', 'MBEYA'),
(42, 'J .MASALU', 'MWANZA'),
(43, 'SHAYO KIMARA', 'KIMARA'),
(44, 'KILASARA', '0754262728'),
(45, 'R.G.VIEW', '0655998525'),
(46, 'ELIUDI', 'BOKO'),
(47, 'NANGO', 'SEGEREA'),
(48, 'MINJA BAG', '0658865650'),
(49, 'MATOBELA', '0656572359'),
(50, 'COLOUR STORE', '0754266872'),
(51, 'JOSE', 'MANZESE'),
(52, 'TESHA KINOND', '0718273380'),
(53, 'SWAI ZED', 'DODOMA'),
(54, 'MAGPIE', 'TANGA'),
(55, 'KISALE', 'KINONDON'),
(56, 'FRANSISCA MDOGO', '2054100'),
(57, 'KIWANGO', 'IFAKARA'),
(58, 'NASMA', 'DAR'),
(59, 'MSUYA', 'KIBANGU'),
(60, 'HERERA', 'KINONDONI'),
(61, 'KREA', '0715606363'),
(62, 'ULIRK', '0655880700'),
(63, 'TEN STAR', 'SINZA'),
(64, 'ANNA SINZA', '0715656006'),
(65, 'NYAYO', 'TANDALE'),
(66, 'STIVEN', 'UBUNGO'),
(67, 'ROMBO SERENGETI', 'HANDENI'),
(68, 'MBISE', '0754441944'),
(69, 'STAR VIEW', 'bia'),
(70, 'CHONYA', 'UBUNGO'),
(71, 'asenga kotira', 'mbezi beach'),
(72, 'SWAI GARDEN', 'UZURI'),
(73, 'MA MAWOLE', 'mbezi beach'),
(74, 'MA IMMA', 'ILALA'),
(75, 'TUMAIN', 'DAR'),
(76, 'MKOMBEE', 'TANDALE'),
(77, 'BINA', 'KITUMBIN'),
(78, 'SHIRIMA MBZ', 'MBZ'),
(79, 'KAHUMBA', 'MBZ BEACH'),
(80, 'BARAKA', 'KIMARA'),
(81, 'SEMBETI', 'SINZA'),
(82, 'JUSTIN BAVARIA', 'DAR'),
(83, 'MA MUSHI', 'KINONDON'),
(84, 'GAUDANCE', 'MANZESE'),
(85, 'JUHUDI ', 'MORO'),
(86, 'ANTONY', 'TABATA'),
(87, 'MATHAYO', 'MANZESE'),
(88, 'SHIRIMA KINONDON', 'DAR'),
(89, 'DEO BAV', 'anatudai bav'),
(90, 'APEWE', 'CHAL'),
(91, 'samanga', '0784585717'),
(92, 'AZIZ', 'BINA'),
(93, 'KIBWETERE', 'MBZ'),
(94, 'EVARISTY', 'TABATA'),
(95, 'NTEI', 'UBUNGO'),
(96, 'MOSHI MA VICTOR', 'UZURI'),
(97, 'PASTORY', 'KIBANGU'),
(98, 'MWAMBINGA', 'UBUNGO'),
(99, 'ASENGA UKOMBOZI', 'STOKIST'),
(100, 'SARIMBO', 'MAGOMENI'),
(101, 'D.SHAYO', 'HANDENI'),
(102, 'Fontanella', 'manzese'),
(103, 'ONESMO', 'TANDALE'),
(104, 'MONGI', 'KAGERA'),
(105, 'LOUNGE', '6825000'),
(106, 'pro . shine', 'makongo'),
(107, 'mwansasu', 'BOKO'),
(108, 'maribo', 'ilala');

-- --------------------------------------------------------

-- 
-- Table structure for table `wadai_name`
-- 

CREATE TABLE `wadai_name` (
  `id` int(20) NOT NULL auto_increment,
  `name` varchar(30) default NULL,
  `detail` varchar(200) default NULL,
  PRIMARY KEY  (`id`)
) ENGINE=InnoDB DEFAULT CHARSET=latin1 AUTO_INCREMENT=21 ;

-- 
-- Dumping data for table `wadai_name`
-- 

INSERT INTO `wadai_name` (`id`, `name`, `detail`) VALUES 
(1, 'ten star', '076543211'),
(2, 'mkwere park', '0715800102'),
(3, 'kibwana', 'bia'),
(4, 'cosmas', 'anatudai bav'),
(5, 'MWIKA FAMILY', '0653270497'),
(6, 'MWASEBA', '0754601060'),
(7, 'MEGA TRADE', 'KIROBA ORG'),
(8, 'JOVET', 'A/C A'),
(9, 'JOVET', 'A/C  B'),
(10, 'GOODLEE', 'SERENGETI'),
(11, 'INCHAGHE', 'BALTICA'),
(12, 'AFRO AMERCAN', 'ZED/DOLLERS'),
(13, 'M0HANS BAY', 'RED BULL'),
(14, 'TBL', 'MKOPO'),
(15, 'COVENANT BANK', 'MKOPO'),
(16, 'NMB BANK', 'MKOPO'),
(17, 'TANZANIA DISTILLERIES', 'DENI'),
(18, 'KREALIQUOR SHOP', 'SPIRITS'),
(19, 'TEMA ENTERPRISES LTD', 'SPIRITS'),
(20, 'mishahara', 'wafanyakazi');
